idx_int,idx_str,url,pa_null,np_nan,np_inf,np_negative_inf,np_int16,one_value_string,one_value_int,one_value_float,one_value_bool,int8,int16,int32,int64,uint8,uint16,uint32,uint64,halffloat,float,double,bool,bool_with_nulls,int_with_nulls,string,string_with_nulls,datetime,datetime_with_nulls,list_of_integers,list_of_strings,blob,dict,dict_with_nulls,struct,struct_with_nulls,s3_url,s3_alternative_url
0,s0,https://placehold.co/300x400.png,,,inf,-inf,0,single value,1,1.23456789,True,-26,-137,-897,-365,146,882,72,910,0.2274,0.9993535,0.8399471646724719,False,,,"multiple
lines	string",emoji 不,2023-12-20,2023-05-14,[65 67],['Nbr' 'nTP3fA' 'bnFbmOHnK'],b'\xf7t\xe6',"[('lQu', 95)]",,"{'x': 3, 'y': '7dW'}",,s3://sense-table-demo/datasets/COCO2017/images/000000000001.jpg,s3alternative://bucket/path/to/file.jpg
1,s1,https://placehold.co/301x399.png,,,inf,-inf,1,single value,1,1.23456789,True,51,-258,875,129,75,255,793,919,0.608,0.5558066,0.7728227800168045,True,True,1.0,"multiple
lines	string",emoji 不,2023-01-28,2023-09-08,[35 81 18],['YaX' 'Rvj7uf' 'f0LYTH8xI'],b'(d\xb1\xab\xa9(\xf5=\xb1',"[('fwU', 93)]",,"{'x': 21, 'y': 'eDl'}","{'x': 60, 'y': 'bMh'}",s3://sense-table-demo/datasets/COCO2017/images/000000000001.jpg,s3alternative://bucket/path/to/file.jpg
2,s2,https://placehold.co/302x398.png,,,inf,-inf,2,single value,1,1.23456789,True,-36,264,-747,693,8,708,248,549,0.3794,0.47321013,0.23005368303143392,True,,2.0,c having special characters: !@#$%^&*(),c having special characters: !@#$%^&*(),2023-02-12,2023-08-07,[83 96 75 14],['ZM1' 'JRcore' 'ogrNwwmq6'],b'&(l\xa7pa\x033',"[('tWu', 42)]","[('9DW', 92)]","{'x': 11, 'y': '0YZ'}","{'x': 89, 'y': '0X9'}",s3://sense-table-demo/datasets/COCO2017/images/000000000001.jpg,s3alternative://bucket/path/to/file.jpg
3,s3,https://placehold.co/303x397.png,,,inf,-inf,3,single value,1,1.23456789,True,-114,-437,250,682,198,814,46,418,0.744,0.31285486,0.13133512640937806,True,True,,"multiple
lines	string",,2023-06-18,2023-04-01,[62 28],['OLk' 'Tkx9NI' 'Q0Wobtqn6'],b'.\xd4\x84\x03',"[('qs0', 20)]","[('wnV', 29)]","{'x': 17, 'y': 'hVp'}",,s3://sense-table-demo/datasets/COCO2017/images/000000000001.jpg,s3alternative://bucket/path/to/file.jpg
4,s4,https://placehold.co/304x396.png,,,inf,-inf,4,single value,1,1.23456789,True,-22,20,135,-344,27,920,120,605,0.2056,0.12052258,0.8680543225322929,True,,,"multiple
lines	string",,2023-03-27,2023-12-20,[50 74],['2tO' 'y4CqpI' 'qK3yn9Ffc'],,"[('D1K', 80)]","[('TsC', 13)]","{'x': 70, 'y': 'VBT'}","{'x': 93, 'y': 'zuI'}",s3://sense-table-demo/datasets/COCO2017/images/000000000001.jpg,s3alternative://bucket/path/to/file.jpg
5,s5,https://placehold.co/305x395.png,,,inf,-inf,5,single value,1,1.23456789,True,-57,-905,-491,-881,205,449,213,94,0.7876,0.73102367,0.9632366534401319,False,,,emoji 不,c having special characters: !@#$%^&*(),2023-06-26,2023-02-15,[81 50],,b'*\xc9\xbf\x13\xaf',"[('6e3', 14)]","[('FyF', 51)]","{'x': 57, 'y': 'cCV'}","{'x': 50, 'y': 'Nam'}",s3://sense-table-demo/datasets/COCO2017/images/000000000001.jpg,s3alternative://bucket/path/to/file.jpg
6,s6,https://placehold.co/306x394.png,,,inf,-inf,6,single value,1,1.23456789,True,60,923,496,-170,222,9,238,816,0.6035,0.19259903,0.03130231374751624,True,,2.0,a with space,"multiple
lines	string",2023-01-17,2023-02-07,[38],['gMX' 'Adx9G8' '1aSQHqNgA'],b'\xc2k',"[('F1x', 73)]","[('P0Y', 36)]","{'x': 89, 'y': 'G8D'}","{'x': 95, 'y': 'rWt'}",s3://sense-table-demo/datasets/COCO2017/images/000000000001.jpg,s3alternative://bucket/path/to/file.jpg
7,s7,https://placehold.co/307x393.png,,,inf,-inf,7,single value,1,1.23456789,True,-108,757,-902,810,127,823,55,580,0.11426,0.11528202,0.7312700669736856,True,True,2.0,,,2023-04-08,2023-05-22,[69 26  1 92],['C72' 'qFl41s' 'NLjVHWGau'],b'J',"[('sd0', 52)]","[('MkF', 14)]","{'x': 69, 'y': 'Qtu'}","{'x': 70, 'y': 'Fua'}",s3://sense-table-demo/datasets/COCO2017/images/000000000001.jpg,s3alternative://bucket/path/to/file.jpg
8,s8,https://placehold.co/308x392.png,,,inf,-inf,8,single value,1,1.23456789,True,-26,-516,-848,627,51,797,349,317,0.4146,0.42176265,0.9095245109478184,True,True,3.0,a with space,"multiple
lines	string",2023-07-17,2023-04-10,,['b52' 'Ztd26f' 'EeVVhDIq2'],b'\x89f\xa7\xd6Q\x05\x8d',"[('imz', 51)]","[('Bl6', 45)]","{'x': 23, 'y': 'Nc6'}","{'x': 0, 'y': 'QvS'}",s3://sense-table-demo/datasets/COCO2017/images/000000000001.jpg,s3alternative://bucket/path/to/file.jpg
9,s9,https://placehold.co/309x391.png,,,inf,-inf,9,single value,1,1.23456789,True,-7,430,884,81,82,241,106,955,0.8633,0.79534185,0.8573600920924986,True,False,1.0,emoji 不,,2023-04-08,2023-11-24,[ 1 80 40 11],['AnH' 'Tmt9OB' 'GhnuKoneN'],b'\xa3\x14V',"[('J4C', 56)]","[('O7T', 76)]","{'x': 17, 'y': 'GpN'}","{'x': 71, 'y': 'Mbk'}",s3://sense-table-demo/datasets/COCO2017/images/000000000001.jpg,s3alternative://bucket/path/to/file.jpg
10,s10,https://placehold.co/310x390.png,,,inf,-inf,10,single value,1,1.23456789,True,82,-770,-87,974,249,250,830,235,0.923,0.74506456,0.9645204722702085,True,,2.0,,"multiple
lines	string",2023-03-06,2023-07-09,[54],['o41' 'eoPni6' 'JDWYlgAAC'],b'\xad\xaeE3\x82)\xbfe',"[('tSW', 53)]","[('Dwn', 63)]","{'x': 29, 'y': 'm31'}","{'x': 67, 'y': 'uuP'}",s3://sense-table-demo/datasets/COCO2017/images/000000000001.jpg,s3alternative://bucket/path/to/file.jpg
11,s11,https://placehold.co/311x389.png,,,inf,-inf,11,single value,1,1.23456789,True,86,-252,919,369,110,876,47,945,0.4658,0.054882616,0.7600940784380972,True,False,1.0,"multiple
lines	string",c having special characters: !@#$%^&*(),2023-11-26,2023-02-04,[84 61],['TP9' 'gyv1pl' 'BArp5B1Id'],b'\xf6',"[('ENk', 43)]","[('Edw', 54)]","{'x': 32, 'y': 'nhN'}","{'x': 2, 'y': '4XO'}",s3://sense-table-demo/datasets/COCO2017/images/000000000001.jpg,s3alternative://bucket/path/to/file.jpg
12,s12,https://placehold.co/312x388.png,,,inf,-inf,12,single value,1,1.23456789,True,-54,678,-123,-260,143,4,572,333,0.481,0.4551437,0.44229876238091026,True,False,3.0,emoji 不,,2023-12-07,2023-05-27,[24 22 23],['9Z8' '50kEny' 'dx9qWCA79'],b'\xb2\x82\x86\x11\xedaO\xc5',"[('Naq', 97)]","[('cm4', 19)]","{'x': 11, 'y': 'ukr'}","{'x': 6, 'y': 'DM3'}",s3://sense-table-demo/datasets/COCO2017/images/000000000001.jpg,s3alternative://bucket/path/to/file.jpg
13,s13,https://placehold.co/313x387.png,,,inf,-inf,13,single value,1,1.23456789,True,74,194,-663,497,116,118,336,884,0.9185,0.5224346,0.31195199049513045,False,True,1.0,"multiple
lines	string",,2023-01-05,2023-01-30,[20 53 17 35],['ISj' 's8JHUd' 'KF0j7elKP'],b'\xfc\xa9\xca4\x85q\x9e\x95j',"[('VkV', 31)]","[('wDC', 62)]","{'x': 26, 'y': 'hWa'}","{'x': 90, 'y': 'HuW'}",s3://sense-table-demo/datasets/COCO2017/images/000000000001.jpg,s3alternative://bucket/path/to/file.jpg
14,s14,https://placehold.co/314x386.png,,,inf,-inf,14,single value,1,1.23456789,True,-41,-460,729,-884,68,800,25,375,0.587,0.6445466,0.32074274043812745,False,True,2.0,c having special characters: !@#$%^&*(),emoji 不,2023-01-02,2023-11-30,[72 52 29],['oh3' 'pKMzKG' '5mSoyPstU'],b'\xbb',"[('EVf', 96)]","[('c8u', 21)]","{'x': 20, 'y': 'cWD'}","{'x': 70, 'y': 'zUZ'}",s3://sense-table-demo/datasets/COCO2017/images/000000000001.jpg,s3alternative://bucket/path/to/file.jpg
15,s15,https://placehold.co/315x385.png,,,inf,-inf,15,single value,1,1.23456789,True,-12,59,-179,853,98,373,803,458,0.03284,0.65016735,0.724422672614117,False,False,1.0,emoji 不,emoji 不,2023-01-22,2023-03-25,[31 66],['eC9' '9enq52' '2wjZRL9Oa'],b'$j\x1d\xdc\x88R',"[('MNz', 56)]","[('RGZ', 17)]","{'x': 28, 'y': 'Kxf'}","{'x': 40, 'y': 'sSt'}",s3://sense-table-demo/datasets/COCO2017/images/000000000001.jpg,s3alternative://bucket/path/to/file.jpg
16,s16,https://placehold.co/316x384.png,,,inf,-inf,16,single value,1,1.23456789,True,-29,-476,186,-210,139,64,256,136,0.9126,0.36469725,0.7458370120309643,False,,2.0,c having special characters: !@#$%^&*(),a with space,2023-04-22,2023-10-08,[78 40 62 22],['YsP' '6ihgIq' 'LSmNqE40f'],,"[('7xc', 26)]",,"{'x': 61, 'y': 'jfM'}","{'x': 41, 'y': 'HmQ'}",s3://sense-table-demo/datasets/COCO2017/images/000000000001.jpg,s3alternative://bucket/path/to/file.jpg
17,s17,https://placehold.co/317x383.png,,,inf,-inf,17,single value,1,1.23456789,True,-25,183,743,150,24,145,7,929,0.2482,0.5606772,0.20035914354871265,True,True,1.0,emoji 不,"multiple
lines	string",2023-02-26,2023-12-10,[31 56 99 32],['Ara' 'VNqTIA' 'ae24HZKjh'],b'\xbc\xe1',"[('mxa', 64)]",,"{'x': 1, 'y': '59M'}","{'x': 49, 'y': 'X3v'}",s3://sense-table-demo/datasets/COCO2017/images/000000000001.jpg,s3alternative://bucket/path/to/file.jpg
18,s18,https://placehold.co/318x382.png,,,inf,-inf,18,single value,1,1.23456789,True,23,862,-44,416,179,223,624,587,0.5776,0.48106188,0.868122813490531,False,,2.0,emoji 不,emoji 不,2023-03-07,2023-09-27,[55 27],['t3X' '13npgW' '2zMj518Y2'],b'\xf9Gwm\xa7\xc2',"[('tZl', 41)]","[('ZqH', 86)]","{'x': 43, 'y': 'dNR'}","{'x': 36, 'y': '8rb'}",s3://sense-table-demo/datasets/COCO2017/images/000000000001.jpg,s3alternative://bucket/path/to/file.jpg
19,s19,https://placehold.co/319x381.png,,,inf,-inf,19,single value,1,1.23456789,True,2,722,704,931,122,238,866,994,0.1655,0.8849984,0.7149240402022476,False,,2.0,c having special characters: !@#$%^&*(),a with space,2023-11-26,2023-06-03,[36 55 64 64],['bTu' '5X1YqW' 'g21nYCsXo'],b'Ne\xb3\xc8[',"[('PMp', 10)]","[('kOw', 42)]","{'x': 2, 'y': 'Xho'}","{'x': 80, 'y': '8M0'}",s3://sense-table-demo/datasets/COCO2017/images/000000000001.jpg,s3alternative://bucket/path/to/file.jpg
20,s20,https://placehold.co/320x380.png,,,inf,-inf,20,single value,1,1.23456789,True,21,266,-840,12,212,176,252,546,0.03387,0.53026515,0.5627502863433826,True,False,1.0,,emoji 不,2023-04-08,2023-04-12,[28 73 59],['blu' '17rNy8' 'H6h8l7qgA'],b'\xff)\xfc\xc8\x8a\xb4',"[('Qvh', 94)]","[('OZG', 92)]","{'x': 81, 'y': '8WU'}","{'x': 4, 'y': 'JyK'}",s3://sense-table-demo/datasets/COCO2017/images/000000000001.jpg,s3alternative://bucket/path/to/file.jpg
21,s21,https://placehold.co/321x379.png,,,inf,-inf,21,single value,1,1.23456789,True,-76,109,603,664,227,778,691,512,0.3115,0.44103217,0.4715324601025127,True,False,3.0,a with space,"multiple
lines	string",2023-05-24,2023-08-03,[42 94 90],['TtL' 'FxJpRa' '5HSUPwePu'],b'\xd5|\x19\x97',"[('xKk', 31)]","[('x4G', 51)]","{'x': 36, 'y': 'XBl'}","{'x': 2, 'y': '1UR'}",s3://sense-table-demo/datasets/COCO2017/images/000000000001.jpg,s3alternative://bucket/path/to/file.jpg
22,s22,https://placehold.co/322x378.png,,,inf,-inf,22,single value,1,1.23456789,True,-127,819,-200,81,52,852,718,295,0.7803,0.40448546,0.5432328057899581,False,False,,"multiple
lines	string",,2023-05-05,2023-05-30,[37],['t0S' 'stzysh' 'A6P3MsHar'],b'Wh?\x07C\x1f',"[('Zss', 84)]","[('v1E', 35)]","{'x': 58, 'y': 'Qwi'}","{'x': 61, 'y': 'tbz'}",s3://sense-table-demo/datasets/COCO2017/images/000000000001.jpg,s3alternative://bucket/path/to/file.jpg
23,s23,https://placehold.co/323x377.png,,,inf,-inf,23,single value,1,1.23456789,True,-41,-423,-603,-367,150,281,302,319,0.2776,0.57242775,0.15924573827926447,False,False,3.0,emoji 不,,2023-06-16,2023-03-24,[33 47 55 75],['AJO' 'CBnD3X' 'kfFNuYUPn'],b'6',"[('TKu', 22)]","[('DLF', 18)]","{'x': 10, 'y': '3EB'}","{'x': 13, 'y': 'EoC'}",s3://sense-table-demo/datasets/COCO2017/images/000000000001.jpg,s3alternative://bucket/path/to/file.jpg
24,s24,https://placehold.co/324x376.png,,,inf,-inf,24,single value,1,1.23456789,True,107,-319,300,-488,143,62,638,917,0.2201,0.80397695,0.2037012492762742,True,True,1.0,"multiple
lines	string","multiple
lines	string",2023-03-27,2023-04-20,[ 3 49 68],['mbp' 'D0ezNm' 'REpOaUVgA'],b'\xf1v\xb9\xa7x\xa0',"[('39v', 85)]","[('ike', 78)]","{'x': 81, 'y': 'sRl'}","{'x': 60, 'y': '6ns'}",s3://sense-table-demo/datasets/COCO2017/images/000000000001.jpg,s3alternative://bucket/path/to/file.jpg
25,s25,https://placehold.co/325x375.png,,,inf,-inf,25,single value,1,1.23456789,True,29,-444,-185,774,56,216,55,571,0.2126,0.5384015,0.09116449040619168,False,True,3.0,c having special characters: !@#$%^&*(),c having special characters: !@#$%^&*(),2023-03-17,2023-10-02,[58 66 74 44],['k7G' 'dp0CXP' '9K63LSFZH'],b'T5\xa4\x1c\xef\x13',"[('3wl', 36)]","[('Nnl', 8)]","{'x': 97, 'y': 'lvT'}","{'x': 16, 'y': 'gWW'}",s3://sense-table-demo/datasets/COCO2017/images/000000000001.jpg,s3alternative://bucket/path/to/file.jpg
26,s26,https://placehold.co/326x374.png,,,inf,-inf,26,single value,1,1.23456789,True,-91,597,939,-199,38,853,725,831,0.515,0.6616552,0.15365803816111268,True,False,2.0,"multiple
lines	string",emoji 不,2023-12-10,2023-07-20,[45 63 90],,b'\xc9',"[('64z', 53)]","[('wSh', 49)]","{'x': 21, 'y': 'rZ4'}","{'x': 22, 'y': '4Bb'}",s3://sense-table-demo/datasets/COCO2017/images/000000000001.jpg,s3alternative://bucket/path/to/file.jpg
27,s27,https://placehold.co/327x373.png,,,inf,-inf,27,single value,1,1.23456789,True,1,976,527,119,108,826,525,348,0.9756,0.7378558,0.45369363460528267,True,True,,c having special characters: !@#$%^&*(),emoji 不,2023-10-21,2023-10-11,[ 5 58],['3UD' 'qpNVGM' 'rerqtHioR'],b'\xc6y',"[('oTi', 48)]","[('oYS', 19)]","{'x': 5, 'y': 'Iej'}","{'x': 77, 'y': 'DFl'}",s3://sense-table-demo/datasets/COCO2017/images/000000000001.jpg,s3alternative://bucket/path/to/file.jpg
28,s28,https://placehold.co/328x372.png,,,inf,-inf,28,single value,1,1.23456789,True,63,12,919,661,180,794,473,839,0.459,0.5201681,0.5303543937282561,True,False,1.0,"multiple
lines	string",,2023-02-28,2023-06-22,[29],['Rdz' 'HzmA4K' 'R1VxavU07'],b'R>:r',"[('TKk', 10)]","[('DDn', 74)]","{'x': 56, 'y': 'sqw'}","{'x': 78, 'y': '5TG'}",s3://sense-table-demo/datasets/COCO2017/images/000000000001.jpg,s3alternative://bucket/path/to/file.jpg
29,s29,https://placehold.co/329x371.png,,,inf,-inf,29,single value,1,1.23456789,True,59,-355,415,141,41,688,27,778,0.557,0.42681706,0.017861892478319374,True,,1.0,a with space,c having special characters: !@#$%^&*(),2023-05-18,2023-11-23,[36 41],['zUH' 'LnnBbu' 'QzkChMbyI'],b'\x80\xf4\t\x02\xc3',"[('wOc', 20)]","[('jZb', 57)]","{'x': 15, 'y': 'aNx'}","{'x': 14, 'y': 'Wi2'}",s3://sense-table-demo/datasets/COCO2017/images/000000000001.jpg,s3alternative://bucket/path/to/file.jpg
30,s30,https://placehold.co/330x370.png,,,inf,-inf,30,single value,1,1.23456789,True,-108,-205,158,-441,185,460,982,872,0.861,0.87666535,0.7967978278640275,False,,1.0,a with space,,2023-04-09,2023-07-25,[86  5 67],['bNi' 'CdxnuV' 'xUZpfbH9v'],b'\xe9R\xaa\x8d\x16\x0e\x1a\x89',"[('2pH', 62)]",,"{'x': 38, 'y': 'lb1'}","{'x': 7, 'y': 'Y6P'}",s3://sense-table-demo/datasets/COCO2017/images/000000000001.jpg,s3alternative://bucket/path/to/file.jpg
31,s31,https://placehold.co/331x369.png,,,inf,-inf,31,single value,1,1.23456789,True,32,51,218,624,166,928,77,228,0.535,0.4175061,0.2941679733434779,True,,,a with space,c having special characters: !@#$%^&*(),2023-07-11,2023-03-04,[28],['OWO' 'U6mbjh' 'PInRVkLUh'],b'W\x0fe\xdf',"[('d9P', 27)]","[('cJj', 76)]","{'x': 91, 'y': 'WoS'}","{'x': 61, 'y': 'iSC'}",s3://sense-table-demo/datasets/COCO2017/images/000000000001.jpg,s3alternative://bucket/path/to/file.jpg
32,s32,https://placehold.co/332x368.png,,,inf,-inf,32,single value,1,1.23456789,True,75,643,-600,-513,141,609,215,269,0.1844,0.46194285,0.9118360349599111,True,False,2.0,a with space,,2023-08-31,2023-03-14,[16 95 21],['Y7g' 'btP7yS' 'eQMgV0Lh8'],b'-\xb7O7\x1f\n\xee',"[('ObQ', 5)]","[('NcJ', 94)]","{'x': 48, 'y': 'OHy'}","{'x': 97, 'y': 'SGa'}",s3://sense-table-demo/datasets/COCO2017/images/000000000001.jpg,s3alternative://bucket/path/to/file.jpg
33,s33,https://placehold.co/333x367.png,,,inf,-inf,33,single value,1,1.23456789,True,-71,579,-361,260,222,104,385,827,0.2996,0.9903413,0.9675112636137777,False,,1.0,a with space,emoji 不,2023-11-15,2023-09-08,[48],,b'#f\xa5Sm',"[('zxH', 27)]","[('dql', 18)]","{'x': 44, 'y': 'GEI'}","{'x': 95, 'y': '5QK'}",s3://sense-table-demo/datasets/COCO2017/images/000000000001.jpg,s3alternative://bucket/path/to/file.jpg
34,s34,https://placehold.co/334x366.png,,,inf,-inf,34,single value,1,1.23456789,True,-107,363,56,908,121,98,364,797,0.31,0.00023752358,0.18545887467665434,True,True,3.0,a with space,emoji 不,2023-02-18,2023-05-04,[85],['WvA' 'wFv0Yg' '7NZRBT7qY'],b'O+V;`xV',"[('DjR', 36)]","[('7LI', 30)]","{'x': 68, 'y': 'MuN'}","{'x': 93, 'y': 'fCc'}",s3://sense-table-demo/datasets/COCO2017/images/000000000001.jpg,s3alternative://bucket/path/to/file.jpg
35,s35,https://placehold.co/335x365.png,,,inf,-inf,35,single value,1,1.23456789,True,124,821,-313,-104,132,510,665,290,0.3972,0.1854729,0.46209729076566064,False,,1.0,c having special characters: !@#$%^&*(),,2023-02-01,2023-05-01,[50  2 41],['HDB' 'Tq0Zf2' 'pCLxb0lnX'],b'\x05D\xe0\x13\xf2\xbb\xa9\x8dl',"[('NsP', 67)]","[('bSP', 56)]","{'x': 41, 'y': 'gGe'}","{'x': 12, 'y': 'GOt'}",s3://sense-table-demo/datasets/COCO2017/images/000000000001.jpg,s3alternative://bucket/path/to/file.jpg
36,s36,https://placehold.co/336x364.png,,,inf,-inf,36,single value,1,1.23456789,True,107,981,-541,295,162,384,525,724,0.4268,0.38396388,0.0012318351664258875,False,,1.0,emoji 不,a with space,2023-10-04,2023-10-02,[50],['v2R' 'ra6fSE' 'VQOEXfnQs'],b'\xa8\x89\x87\x85uj',"[('PqL', 48)]","[('rfB', 30)]","{'x': 58, 'y': 'Zi2'}","{'x': 61, 'y': 'Jt3'}",s3://sense-table-demo/datasets/COCO2017/images/000000000001.jpg,s3alternative://bucket/path/to/file.jpg
37,s37,https://placehold.co/337x363.png,,,inf,-inf,37,single value,1,1.23456789,True,-40,354,-46,212,214,404,698,164,0.8,0.9325899,0.598327265122427,False,,1.0,"multiple
lines	string",,2023-01-20,2023-04-30,[45],['KDG' 'AUuRqp' 'hlhHVlnES'],b'\xd0)\x81\xd6K\x98C',"[('iZg', 57)]","[('91k', 52)]","{'x': 38, 'y': 'mEg'}","{'x': 77, 'y': 'tlr'}",s3://sense-table-demo/datasets/COCO2017/images/000000000001.jpg,s3alternative://bucket/path/to/file.jpg
38,s38,https://placehold.co/338x362.png,,,inf,-inf,38,single value,1,1.23456789,True,-80,663,906,-297,220,822,311,4,0.3494,0.070029706,0.6073064482626712,True,True,1.0,a with space,,2023-06-03,2023-11-13,[43],['8Gr' 'gmolaH' 'r8IRh1E2J'],b'\x9d\xb9\x1d',"[('Shh', 57)]","[('ZLX', 58)]","{'x': 70, 'y': 'JZO'}","{'x': 97, 'y': 'tBh'}",s3://sense-table-demo/datasets/COCO2017/images/000000000001.jpg,s3alternative://bucket/path/to/file.jpg
39,s39,https://placehold.co/339x361.png,,,inf,-inf,39,single value,1,1.23456789,True,90,529,-531,470,234,517,882,850,0.4683,0.009485434,0.24753995560337516,False,False,2.0,c having special characters: !@#$%^&*(),,2023-03-09,2023-06-13,[ 0 91 62 23],['DBl' 'd6DYye' 'NdjIs9hVL'],b'\xc8\xe9\xc2K\x1c\xb5',"[('gmm', 99)]","[('YlO', 1)]","{'x': 2, 'y': 'GRp'}","{'x': 70, 'y': 'jqa'}",s3://sense-table-demo/datasets/COCO2017/images/000000000001.jpg,s3alternative://bucket/path/to/file.jpg
40,s40,https://placehold.co/340x360.png,,,inf,-inf,40,single value,1,1.23456789,True,-70,371,398,-420,74,475,6,378,0.625,0.052683838,0.5584126725831979,False,True,3.0,c having special characters: !@#$%^&*(),"multiple
lines	string",2023-08-02,2023-10-13,[97],['XnG' 'BB19sM' 'LT6mnOjke'],b'\x8c\x8a\xe3-\x9fZ\xd0',"[('qGm', 82)]","[('qSv', 87)]","{'x': 91, 'y': 'wLe'}","{'x': 30, 'y': 'MFm'}",s3://sense-table-demo/datasets/COCO2017/images/000000000001.jpg,s3alternative://bucket/path/to/file.jpg
41,s41,https://placehold.co/341x359.png,,,inf,-inf,41,single value,1,1.23456789,True,126,496,45,-211,145,976,2,77,0.3777,0.08854341,0.22554014244373544,True,False,2.0,c having special characters: !@#$%^&*(),emoji 不,2023-05-23,2023-09-22,[16 98 81],['aBK' 'soRRCQ' '5WMO5AHO4'],"b',\xd4\xfam\x90\x15P'","[('Rsc', 98)]","[('CKo', 15)]","{'x': 34, 'y': '5mE'}","{'x': 24, 'y': 'vti'}",s3://sense-table-demo/datasets/COCO2017/images/000000000001.jpg,s3alternative://bucket/path/to/file.jpg
42,s42,https://placehold.co/342x358.png,,,inf,-inf,42,single value,1,1.23456789,True,41,254,-251,-140,238,708,622,409,0.8364,0.037596773,0.16082546907819006,False,False,3.0,emoji 不,,2023-08-20,2023-11-16,[23],['Zek' 'tUJrhQ' 'R6FEecAtp'],b'\xc1Q\xff\xb7\xe4',"[('Em5', 55)]","[('xgm', 38)]","{'x': 37, 'y': '3eX'}","{'x': 7, 'y': 'Rrp'}",s3://sense-table-demo/datasets/COCO2017/images/000000000001.jpg,s3alternative://bucket/path/to/file.jpg
43,s43,https://placehold.co/343x357.png,,,inf,-inf,43,single value,1,1.23456789,True,91,-811,693,-754,75,862,918,573,0.5874,0.47978133,0.6515194668022647,False,,1.0,"multiple
lines	string",c having special characters: !@#$%^&*(),2023-08-01,2023-06-10,[84],['f7Z' 'J69Pqc' 'UDO4lKNEf'],b']6',"[('uaP', 0)]","[('1FA', 87)]","{'x': 18, 'y': 'dI6'}","{'x': 1, 'y': 'eMv'}",s3://sense-table-demo/datasets/COCO2017/images/000000000001.jpg,s3alternative://bucket/path/to/file.jpg
44,s44,https://placehold.co/344x356.png,,,inf,-inf,44,single value,1,1.23456789,True,59,248,-963,986,8,644,749,131,0.294,0.5807572,0.3259254639520749,False,False,,emoji 不,,2023-03-20,2023-11-04,[16],['vuP' '1uRr6Y' 'ICtu8zF9O'],b'\x9d',"[('4ZP', 47)]","[('jfD', 84)]","{'x': 7, 'y': 'zwR'}",,s3://sense-table-demo/datasets/COCO2017/images/000000000001.jpg,s3alternative://bucket/path/to/file.jpg
45,s45,https://placehold.co/345x355.png,,,inf,-inf,45,single value,1,1.23456789,True,79,408,-771,99,73,869,362,600,0.714,0.27168697,0.5902639388856225,False,True,2.0,,"multiple
lines	string",2023-08-02,2023-03-30,[18 63],['Hzl' 'wUMVmI' '5BRh8LojI'],,"[('jfF', 62)]","[('McW', 25)]","{'x': 83, 'y': 'Zqc'}","{'x': 55, 'y': 'BiD'}",s3://sense-table-demo/datasets/COCO2017/images/000000000001.jpg,s3alternative://bucket/path/to/file.jpg
46,s46,https://placehold.co/346x354.png,,,inf,-inf,46,single value,1,1.23456789,True,-114,400,388,-847,185,770,750,748,0.528,0.3982874,0.4332467489716556,False,True,,c having special characters: !@#$%^&*(),emoji 不,2023-04-26,2023-05-22,[10 53],['If9' '4ChZES' 'FqZ8pIx5F'],b'\xcd[\xd5',"[('Sgp', 87)]","[('FhD', 11)]","{'x': 50, 'y': 'es6'}","{'x': 83, 'y': 'Pgd'}",s3://sense-table-demo/datasets/COCO2017/images/000000000001.jpg,s3alternative://bucket/path/to/file.jpg
47,s47,https://placehold.co/347x353.png,,,inf,-inf,47,single value,1,1.23456789,True,61,306,-438,679,235,436,507,41,0.5347,0.09169933,0.9843514074029039,True,False,2.0,,,2023-04-02,2023-07-22,[20 10 91  4],['21r' 'Wz5FYr' 'sK9EjHvIH'],b'\xa3\xab\xec',"[('o9s', 3)]",,"{'x': 44, 'y': '7gS'}","{'x': 21, 'y': 'AlK'}",s3://sense-table-demo/datasets/COCO2017/images/000000000001.jpg,s3alternative://bucket/path/to/file.jpg
48,s48,https://placehold.co/348x352.png,,,inf,-inf,48,single value,1,1.23456789,True,61,981,-563,458,144,22,273,88,0.4812,0.33637047,0.14958064266756577,False,,1.0,a with space,"multiple
lines	string",2023-09-27,2023-11-05,[40 45 11 69],['Ctl' 'RJoWcU' 'RYxPY8EcF'],b'\xf6\x88\xc7\x0e.\x0ee',"[('Cgk', 26)]","[('iLZ', 91)]","{'x': 15, 'y': 'GlG'}","{'x': 15, 'y': 'KZR'}",s3://sense-table-demo/datasets/COCO2017/images/000000000001.jpg,s3alternative://bucket/path/to/file.jpg
49,s49,https://placehold.co/349x351.png,,,inf,-inf,49,single value,1,1.23456789,True,46,-368,799,-4,252,996,505,401,0.497,0.5225192,0.46459859663581016,False,,2.0,a with space,emoji 不,2023-06-17,2023-08-15,[25 47 51],['K12' 'BGCSzO' 'jD8uQO001'],b'u\xb8\xee',"[('csX', 15)]","[('3WO', 46)]","{'x': 8, 'y': 'pMl'}","{'x': 42, 'y': 'MtY'}",s3://sense-table-demo/datasets/COCO2017/images/000000000001.jpg,s3alternative://bucket/path/to/file.jpg
50,s50,https://placehold.co/350x350.png,,,inf,-inf,50,single value,1,1.23456789,True,61,-373,306,109,229,564,805,295,0.765,0.7322718,0.6804566263593252,True,True,1.0,emoji 不,,2023-02-27,2023-11-30,[54 99 74],['xtS' 'V2ceN5' '9UAgN2BR4'],b'G\xde\xc5\x9dj\xa9z\xfc',"[('tTf', 30)]","[('Gwc', 70)]","{'x': 76, 'y': 'Uzg'}","{'x': 57, 'y': 'SPH'}",s3://sense-table-demo/datasets/COCO2017/images/000000000001.jpg,s3alternative://bucket/path/to/file.jpg
51,s51,https://placehold.co/351x349.png,,,inf,-inf,51,single value,1,1.23456789,True,-78,-28,-974,-304,6,676,738,839,0.10297,0.0033463622,0.3955450838799687,True,,2.0,"multiple
lines	string",a with space,2023-10-11,2023-08-10,[22 14 26 74],['cXs' 'xjGJXk' 'e1Mo4iCpp'],b'\xbd',"[('Vc0', 13)]","[('GoX', 23)]","{'x': 70, 'y': 'NwC'}",,s3://sense-table-demo/datasets/COCO2017/images/000000000001.jpg,s3alternative://bucket/path/to/file.jpg
52,s52,https://placehold.co/352x348.png,,,inf,-inf,52,single value,1,1.23456789,True,-21,768,-775,308,173,713,882,294,0.3345,0.46731076,0.9746998518706899,True,False,1.0,,a with space,2023-01-26,2023-02-10,[80 50 52],['aX3' 'QjBvKN' 'Ap0mxDoJJ'],b'I9I',"[('Pkw', 33)]","[('WxK', 18)]","{'x': 97, 'y': 'P2k'}","{'x': 38, 'y': '8UC'}",s3://sense-table-demo/datasets/COCO2017/images/000000000001.jpg,s3alternative://bucket/path/to/file.jpg
53,s53,https://placehold.co/353x347.png,,,inf,-inf,53,single value,1,1.23456789,True,-74,282,300,997,140,457,14,615,0.0755,0.29700288,0.7218876279269351,False,False,1.0,"multiple
lines	string",c having special characters: !@#$%^&*(),2023-03-07,2023-07-15,[91 50],['9s8' 'OrJQUd' 'LE4rXLvNM'],b'\x9c',"[('BM2', 23)]","[('TVR', 39)]","{'x': 23, 'y': 'lyu'}","{'x': 5, 'y': 'iY5'}",s3://sense-table-demo/datasets/COCO2017/images/000000000001.jpg,s3alternative://bucket/path/to/file.jpg
54,s54,https://placehold.co/354x346.png,,,inf,-inf,54,single value,1,1.23456789,True,115,382,-203,243,167,82,191,525,0.7534,0.8528218,0.6569838575644931,True,True,3.0,emoji 不,emoji 不,2023-09-05,2023-03-09,[ 3  6 34],['QSO' 'ZM4OtB' 'JTfsUkiH8'],b'\x8c\x90\xf3',"[('fYl', 72)]",,"{'x': 43, 'y': 'j9B'}","{'x': 88, 'y': 'DCQ'}",s3://sense-table-demo/datasets/COCO2017/images/000000000001.jpg,s3alternative://bucket/path/to/file.jpg
55,s55,https://placehold.co/355x345.png,,,inf,-inf,55,single value,1,1.23456789,True,-65,-291,632,92,169,144,984,799,0.2722,0.71555334,0.7570592676112233,False,False,1.0,a with space,a with space,2023-09-11,2023-09-21,[71],['G4Z' 'pZDYUv' 'h7i71S87X'],b'\\\x10',"[('y7q', 63)]","[('giD', 66)]","{'x': 79, 'y': 'vt9'}","{'x': 19, 'y': 'SCo'}",s3://sense-table-demo/datasets/COCO2017/images/000000000001.jpg,s3alternative://bucket/path/to/file.jpg
56,s56,https://placehold.co/356x344.png,,,inf,-inf,56,single value,1,1.23456789,True,120,479,-717,70,136,84,630,690,0.8975,0.5891085,0.952648638038717,False,True,3.0,"multiple
lines	string",,2023-02-13,2023-01-02,[80],['wXa' 'HCPPKY' '6gob2I4nd'],b'\xf4',"[('x0X', 82)]","[('o1r', 26)]","{'x': 55, 'y': 'uxV'}",,s3://sense-table-demo/datasets/COCO2017/images/000000000001.jpg,s3alternative://bucket/path/to/file.jpg
57,s57,https://placehold.co/357x343.png,,,inf,-inf,57,single value,1,1.23456789,True,2,434,-122,8,177,77,484,636,0.5264,0.27726564,0.9078186529846402,True,False,1.0,"multiple
lines	string",emoji 不,2023-04-07,2023-12-27,[71 18 62 37],['Z4s' 'zi6sEg' '3iCPU6zUj'],b'\x7fJ\x91$W\xd3\xfd',"[('OXh', 4)]","[('2zl', 65)]","{'x': 49, 'y': 'ATL'}","{'x': 36, 'y': 'n1M'}",s3://sense-table-demo/datasets/COCO2017/images/000000000001.jpg,s3alternative://bucket/path/to/file.jpg
58,s58,https://placehold.co/358x342.png,,,inf,-inf,58,single value,1,1.23456789,True,100,-352,-41,-907,26,456,27,421,0.801,0.9103391,0.7242853081264119,True,True,,a with space,,2023-02-11,2023-05-05,[12],['zgE' 'z6cwB6' '1gQH8wylh'],b'\x0c\xd5A\x1dD\xe5P',"[('Rd6', 26)]","[('RWJ', 1)]","{'x': 80, 'y': 'InV'}","{'x': 68, 'y': '4yR'}",s3://sense-table-demo/datasets/COCO2017/images/000000000001.jpg,s3alternative://bucket/path/to/file.jpg
59,s59,https://placehold.co/359x341.png,,,inf,-inf,59,single value,1,1.23456789,True,-78,-683,504,773,121,877,713,864,0.979,0.045100678,0.7491616391012831,False,,1.0,,,2023-08-15,2023-04-20,[30],['0CP' 'NLbWph' 'JeVmn1uj3'],b'\x06\x14N',"[('jzK', 14)]","[('haO', 29)]","{'x': 77, 'y': '5p7'}","{'x': 65, 'y': 'PW2'}",s3://sense-table-demo/datasets/COCO2017/images/000000000001.jpg,s3alternative://bucket/path/to/file.jpg
60,s60,https://placehold.co/360x340.png,,,inf,-inf,60,single value,1,1.23456789,True,6,700,-548,-43,193,0,38,22,0.84,0.109467596,0.14592207403514545,True,False,,a with space,a with space,2023-09-19,2023-03-27,[95 21],['a1i' 'ipkOba' 'WoukdTGUD'],b'4cUk\xc0\x00\xc8',"[('XQl', 52)]","[('Qtw', 27)]","{'x': 22, 'y': 'ByT'}",,s3://sense-table-demo/datasets/COCO2017/images/000000000001.jpg,s3alternative://bucket/path/to/file.jpg
61,s61,https://placehold.co/361x339.png,,,inf,-inf,61,single value,1,1.23456789,True,-108,248,19,11,4,50,952,574,0.867,0.39163014,0.10279240449266569,False,False,,"multiple
lines	string",emoji 不,2023-06-16,2023-04-30,[66 53  9],['WFg' 'F6cW1G' 'C7dDyQE4e'],,"[('xwb', 46)]","[('jOp', 9)]","{'x': 68, 'y': '8KG'}","{'x': 63, 'y': 'CbD'}",s3://sense-table-demo/datasets/COCO2017/images/000000000001.jpg,s3alternative://bucket/path/to/file.jpg
62,s62,https://placehold.co/362x338.png,,,inf,-inf,62,single value,1,1.23456789,True,-56,842,852,-548,28,684,272,142,0.408,0.124437556,0.5709045018441643,True,True,1.0,,,2023-10-06,2023-05-07,[20 79],['fLe' 'rNHu9G' 'CLgR0OVSn'],b'\xfa\xe0Y\xac\xfc\xc6hy\x82',"[('QZ8', 94)]","[('1Aw', 39)]","{'x': 17, 'y': '9ss'}","{'x': 33, 'y': 'vCk'}",s3://sense-table-demo/datasets/COCO2017/images/000000000001.jpg,s3alternative://bucket/path/to/file.jpg
63,s63,https://placehold.co/363x337.png,,,inf,-inf,63,single value,1,1.23456789,True,38,257,-185,227,164,716,230,992,0.552,0.9564157,0.01836763694054,True,True,,,"multiple
lines	string",2023-03-30,2023-09-12,[23],['Bov' 'CzfAPx' 'j5eZffTYI'],b'\xeaw\xce8\x9f',"[('i5h', 11)]","[('rQU', 41)]","{'x': 42, 'y': 'n1b'}","{'x': 37, 'y': 'VLh'}",s3://sense-table-demo/datasets/COCO2017/images/000000000001.jpg,s3alternative://bucket/path/to/file.jpg
64,s64,https://placehold.co/364x336.png,,,inf,-inf,64,single value,1,1.23456789,True,-111,-317,-342,-89,165,771,85,664,0.254,0.7979893,0.48235638155159155,True,False,3.0,a with space,a with space,2023-06-27,2023-07-02,[56 93],['KIu' 'hvPU1S' '8LvJnOng0'],b'5\x8f7\xbb\x9b\x9a3\xb9H',"[('zcq', 86)]","[('zWD', 79)]","{'x': 17, 'y': 'YQr'}","{'x': 96, 'y': 'gYX'}",s3://sense-table-demo/datasets/COCO2017/images/000000000001.jpg,s3alternative://bucket/path/to/file.jpg
65,s65,https://placehold.co/365x335.png,,,inf,-inf,65,single value,1,1.23456789,True,3,-337,539,-783,82,445,473,144,0.1962,0.25898266,0.2103495799188686,False,True,2.0,"multiple
lines	string",a with space,2023-07-16,2023-01-16,,['wVJ' 'Y08YMN' 'b5ZqlRtva'],b'\\',"[('tRQ', 0)]","[('wIp', 56)]","{'x': 62, 'y': 'II5'}","{'x': 64, 'y': 'uOX'}",s3://sense-table-demo/datasets/COCO2017/images/000000000001.jpg,s3alternative://bucket/path/to/file.jpg
66,s66,https://placehold.co/366x334.png,,,inf,-inf,66,single value,1,1.23456789,True,-40,998,-454,-527,135,448,125,224,0.5054,0.5885542,0.34601656764483957,True,False,1.0,emoji 不,,2023-11-03,2023-03-03,[25 70 29  6],['1Jy' 'iNbUnA' 'vwSWJfdjM'],b'\xf2)/|ke\x9c \xb2',"[('VJJ', 65)]","[('tvR', 26)]","{'x': 50, 'y': 'jcw'}","{'x': 0, 'y': 'Hyz'}",s3://sense-table-demo/datasets/COCO2017/images/000000000001.jpg,s3alternative://bucket/path/to/file.jpg
67,s67,https://placehold.co/367x333.png,,,inf,-inf,67,single value,1,1.23456789,True,-69,850,215,-569,239,880,811,502,0.595,0.9823305,0.7758047357929561,False,,,"multiple
lines	string",emoji 不,2023-09-24,2023-06-07,,['PqP' 'EBqUhA' 'rQEPcyLas'],b'\xcd\x02\x88s\x9c-\xb4',"[('8Pu', 20)]","[('T1O', 33)]","{'x': 31, 'y': 'iwK'}","{'x': 3, 'y': 'MH8'}",s3://sense-table-demo/datasets/COCO2017/images/000000000001.jpg,s3alternative://bucket/path/to/file.jpg
68,s68,https://placehold.co/368x332.png,,,inf,-inf,68,single value,1,1.23456789,True,-115,397,72,-660,108,487,536,961,0.3394,0.88419896,0.9412375042323865,False,True,1.0,c having special characters: !@#$%^&*(),emoji 不,2023-09-25,2023-09-25,[0],['nip' 'uaUkxR' 'FZXe1cb51'],b'\xa8\xcf',"[('GRf', 48)]","[('UBR', 88)]","{'x': 95, 'y': 'oYf'}","{'x': 26, 'y': 'xvY'}",s3://sense-table-demo/datasets/COCO2017/images/000000000001.jpg,s3alternative://bucket/path/to/file.jpg
69,s69,https://placehold.co/369x331.png,,,inf,-inf,69,single value,1,1.23456789,True,113,695,535,-450,64,799,144,973,0.5693,0.6007984,0.0724162721463415,False,False,3.0,emoji 不,,2023-03-15,2023-02-04,,,b'\x8a\x10l',"[('Ppv', 84)]","[('kny', 39)]","{'x': 96, 'y': 'y4T'}","{'x': 31, 'y': 'KWA'}",s3://sense-table-demo/datasets/COCO2017/images/000000000001.jpg,s3alternative://bucket/path/to/file.jpg
70,s70,https://placehold.co/370x330.png,,,inf,-inf,70,single value,1,1.23456789,True,121,631,-984,635,85,33,524,820,0.8877,0.90372396,0.5342422059764451,False,,1.0,,,2023-01-08,2023-09-24,,['JJR' 'zhbuXM' 'Z5f0pKGyt'],b'\xe7\xa4\xb4\xcd\x91Z\xf8\x03\xb2',"[('Px0', 96)]","[('uIR', 89)]","{'x': 97, 'y': 'SXk'}","{'x': 54, 'y': 'WHo'}",s3://sense-table-demo/datasets/COCO2017/images/000000000001.jpg,s3alternative://bucket/path/to/file.jpg
71,s71,https://placehold.co/371x329.png,,,inf,-inf,71,single value,1,1.23456789,True,-120,495,195,312,243,347,211,615,0.5566,0.9891849,0.8825334858196,True,,1.0,emoji 不,,2023-10-24,2023-03-05,[72  0 35 34],,b'\xdf.',"[('I9d', 14)]",,"{'x': 25, 'y': 'ZQJ'}",,s3://sense-table-demo/datasets/COCO2017/images/000000000001.jpg,s3alternative://bucket/path/to/file.jpg
72,s72,https://placehold.co/372x328.png,,,inf,-inf,72,single value,1,1.23456789,True,-39,256,243,277,144,94,24,103,0.7207,0.74335283,0.08250853444042128,False,False,,,emoji 不,2023-06-13,2023-02-19,[22  8 33 45],['vuk' 'FhF4vT' 'YYojmLVOk'],,"[('Nj0', 51)]",,"{'x': 79, 'y': '4Ks'}","{'x': 79, 'y': 'Pe5'}",s3://sense-table-demo/datasets/COCO2017/images/000000000001.jpg,s3alternative://bucket/path/to/file.jpg
73,s73,https://placehold.co/373x327.png,,,inf,-inf,73,single value,1,1.23456789,True,-76,715,-843,757,254,71,579,946,0.805,0.06498641,0.8245140468968338,False,True,3.0,,,2023-03-26,2023-09-12,[29 94 74 98],['VEU' 'VB5INM' '1MjeBsrdF'],b'g\x97:\xbe#)\xd3\xf7N',"[('01e', 24)]","[('Rj7', 19)]","{'x': 93, 'y': 'TJe'}","{'x': 87, 'y': 'JEK'}",s3://sense-table-demo/datasets/COCO2017/images/000000000001.jpg,s3alternative://bucket/path/to/file.jpg
74,s74,https://placehold.co/374x326.png,,,inf,-inf,74,single value,1,1.23456789,True,1,136,-524,-644,70,550,393,38,0.989,0.40158024,0.35780135092827137,True,False,2.0,emoji 不,a with space,2023-03-13,2023-05-29,[59 76],['tCd' 'Ze11MF' 'CIX3BYOtD'],"b'0,Q\xfb\xac\x92\xf8\x12Q'","[('Eo8', 4)]","[('afj', 65)]","{'x': 68, 'y': 'dVv'}",,s3://sense-table-demo/datasets/COCO2017/images/000000000001.jpg,s3alternative://bucket/path/to/file.jpg
75,s75,https://placehold.co/375x325.png,,,inf,-inf,75,single value,1,1.23456789,True,-45,853,69,-978,216,153,66,946,0.603,0.8378257,0.32209470221933534,False,,2.0,,c having special characters: !@#$%^&*(),2023-02-24,2023-11-21,[44 60],['jdg' '3vSFkp' 'BBGjxrzuL'],b'N\t\xf8n\x13\xc2',"[('dnN', 46)]","[('5Ad', 35)]","{'x': 81, 'y': 'Yz1'}","{'x': 17, 'y': 'CIY'}",s3://sense-table-demo/datasets/COCO2017/images/000000000001.jpg,s3alternative://bucket/path/to/file.jpg
76,s76,https://placehold.co/376x324.png,,,inf,-inf,76,single value,1,1.23456789,True,-37,520,396,785,44,249,232,197,0.8066,0.2305692,0.9774663863147858,True,False,,,"multiple
lines	string",2023-02-16,2023-10-31,[15 65],['WOe' 'fQrSO4' '2uKiv7RyK'],b'R7Y',"[('zoC', 90)]","[('nec', 26)]","{'x': 65, 'y': '1oO'}","{'x': 42, 'y': 'k7e'}",s3://sense-table-demo/datasets/COCO2017/images/000000000001.jpg,s3alternative://bucket/path/to/file.jpg
77,s77,https://placehold.co/377x323.png,,,inf,-inf,77,single value,1,1.23456789,True,-18,-559,-483,-479,131,673,108,645,0.963,0.8306425,0.20085908986229417,False,True,1.0,c having special characters: !@#$%^&*(),a with space,2023-08-26,2023-10-03,,['6tx' 'XYPZTQ' 'GOAwwln6E'],b':8\x97\x11\xb6\xfb\xe5\xb4',"[('XB1', 91)]","[('x9M', 56)]","{'x': 44, 'y': 'LaW'}","{'x': 41, 'y': 'gYV'}",s3://sense-table-demo/datasets/COCO2017/images/000000000001.jpg,s3alternative://bucket/path/to/file.jpg
78,s78,https://placehold.co/378x322.png,,,inf,-inf,78,single value,1,1.23456789,True,59,-437,-902,781,35,437,145,578,0.9443,0.12033876,0.6931939408226809,True,,,"multiple
lines	string",emoji 不,2023-04-14,2023-12-23,[15 59],['oie' '0gVZ2c' 'uVixkZVYk'],b'J\x0b\x9a\x0b',"[('BhE', 22)]","[('GSL', 28)]","{'x': 62, 'y': 'xsc'}","{'x': 17, 'y': 'xEO'}",s3://sense-table-demo/datasets/COCO2017/images/000000000001.jpg,s3alternative://bucket/path/to/file.jpg
79,s79,https://placehold.co/379x321.png,,,inf,-inf,79,single value,1,1.23456789,True,70,291,915,860,69,117,110,390,0.1411,0.046945356,0.8214407280098664,False,False,,"multiple
lines	string","multiple
lines	string",2023-07-29,2023-06-21,[12 55],['BzP' 'oBrUBH' 'tYDZw69Cr'],b'=$',"[('Ogz', 39)]","[('6YN', 27)]","{'x': 76, 'y': 'HjF'}","{'x': 29, 'y': 'fY3'}",s3://sense-table-demo/datasets/COCO2017/images/000000000001.jpg,s3alternative://bucket/path/to/file.jpg
80,s80,https://placehold.co/380x320.png,,,inf,-inf,80,single value,1,1.23456789,True,43,533,768,123,251,770,227,178,0.4065,0.3840906,0.041183495279271676,True,True,,c having special characters: !@#$%^&*(),c having special characters: !@#$%^&*(),2023-02-11,2023-07-20,[33 38 66  7],,b'[9\\\x01\x9e\x02\xca\xa1{',"[('Iaf', 88)]","[('BmO', 23)]","{'x': 54, 'y': 'ndT'}","{'x': 57, 'y': '4Na'}",s3://sense-table-demo/datasets/COCO2017/images/000000000001.jpg,s3alternative://bucket/path/to/file.jpg
81,s81,https://placehold.co/381x319.png,,,inf,-inf,81,single value,1,1.23456789,True,124,830,60,-199,158,890,110,967,0.324,0.036731936,0.6703854583544122,False,,1.0,emoji 不,c having special characters: !@#$%^&*(),2023-11-12,2023-11-20,[54 26 92 52],['xG7' 'YXipN2' 'Ig00rVq4j'],b'\xce2e\x8c/\xd4t\x0c',"[('LMs', 71)]","[('Xrc', 77)]","{'x': 34, 'y': 'yBK'}",,s3://sense-table-demo/datasets/COCO2017/images/000000000001.jpg,s3alternative://bucket/path/to/file.jpg
82,s82,https://placehold.co/382x318.png,,,inf,-inf,82,single value,1,1.23456789,True,-121,409,-721,203,18,305,469,553,0.0869,0.95727026,0.951549974355327,False,True,3.0,a with space,,2023-09-25,2023-02-04,[29],['B6n' 'BvbdFo' '9xb50OXir'],b'\xc8\xfc\x12m\xf9@n\x95',"[('FmP', 60)]","[('LFo', 87)]","{'x': 25, 'y': 'Fnr'}","{'x': 17, 'y': 'jjG'}",s3://sense-table-demo/datasets/COCO2017/images/000000000001.jpg,s3alternative://bucket/path/to/file.jpg
83,s83,https://placehold.co/383x317.png,,,inf,-inf,83,single value,1,1.23456789,True,46,410,372,246,188,267,33,447,0.6333,0.8262057,0.12421996672805935,True,,,a with space,"multiple
lines	string",2023-09-20,2023-08-04,[18],['ZRi' 'RBaepZ' 'ITGgrscAX'],b'\xdf\xe5n\xad9-\x9c',"[('6wd', 52)]","[('kco', 57)]","{'x': 44, 'y': 'yif'}","{'x': 39, 'y': 'yJm'}",s3://sense-table-demo/datasets/COCO2017/images/000000000001.jpg,s3alternative://bucket/path/to/file.jpg
84,s84,https://placehold.co/384x316.png,,,inf,-inf,84,single value,1,1.23456789,True,-94,136,-504,929,107,960,622,499,0.736,0.8007697,0.8962213026850383,True,False,1.0,a with space,,2023-12-02,2023-03-06,[24],['Cg4' 'KbFpiA' 'MozPf8eGF'],b'\xe4\xf9\xd0',"[('nCI', 55)]","[('aj9', 69)]","{'x': 64, 'y': 'Jdy'}","{'x': 64, 'y': 'QtJ'}",s3://sense-table-demo/datasets/COCO2017/images/000000000001.jpg,s3alternative://bucket/path/to/file.jpg
85,s85,https://placehold.co/385x315.png,,,inf,-inf,85,single value,1,1.23456789,True,77,636,-699,-239,181,53,775,14,0.848,0.6297779,0.5947766373769361,True,True,3.0,c having special characters: !@#$%^&*(),a with space,2023-12-31,2023-01-08,[54],['9Iy' 'DN8pbW' 'vTMVTucHY'],b'[\x8c\x98\xa9\x08\xe5\xe9',"[('MDO', 92)]","[('Wvy', 35)]","{'x': 85, 'y': 'fFV'}","{'x': 48, 'y': '4s6'}",s3://sense-table-demo/datasets/COCO2017/images/000000000001.jpg,s3alternative://bucket/path/to/file.jpg
86,s86,https://placehold.co/386x314.png,,,inf,-inf,86,single value,1,1.23456789,True,-48,648,-820,682,166,235,935,622,0.1228,0.21632402,0.616604581862474,True,,,c having special characters: !@#$%^&*(),,2023-09-16,2023-10-28,[73  9],['kWC' 'RNYdWC' 'scmc5F9Hp'],b'\x9c\x8b\xfe\xbf\xb9-',"[('ShV', 58)]","[('KGT', 79)]","{'x': 18, 'y': 'iiI'}","{'x': 28, 'y': 'A8v'}",s3://sense-table-demo/datasets/COCO2017/images/000000000001.jpg,s3alternative://bucket/path/to/file.jpg
87,s87,https://placehold.co/387x313.png,,,inf,-inf,87,single value,1,1.23456789,True,35,-49,-394,-559,90,388,368,668,0.8765,0.51826036,0.6129441748656059,False,True,2.0,,,2023-10-10,2023-12-09,[51 19],['Ulw' 'W1uhw3' 'U3x8EE5GX'],b'\xdeC\xfc\x9a\x82+\xdf',"[('nvZ', 64)]","[('efr', 55)]","{'x': 54, 'y': 'EOm'}","{'x': 77, 'y': 'fa9'}",s3://sense-table-demo/datasets/COCO2017/images/000000000001.jpg,s3alternative://bucket/path/to/file.jpg
88,s88,https://placehold.co/388x312.png,,,inf,-inf,88,single value,1,1.23456789,True,-79,104,122,631,201,989,747,288,0.643,0.59727407,0.29883588633731384,False,True,3.0,a with space,,2023-04-24,2023-11-28,[49 27],['TeL' 'YHteOt' 'LAQvc1v9r'],b'\xe9\x01C\xda',"[('7sG', 50)]","[('Z4v', 32)]","{'x': 59, 'y': 'MTp'}","{'x': 46, 'y': 'zhs'}",s3://sense-table-demo/datasets/COCO2017/images/000000000001.jpg,s3alternative://bucket/path/to/file.jpg
89,s89,https://placehold.co/389x311.png,,,inf,-inf,89,single value,1,1.23456789,True,-25,-302,-301,-232,89,733,594,477,0.704,0.5250315,0.9352018152994597,True,False,,emoji 不,"multiple
lines	string",2023-12-29,2023-03-17,[23],['86e' 'NwXQ7i' 'LWceWwxJL'],b'=\xce\x1d\xc2\xa9\xdb',"[('Rck', 91)]","[('7rL', 19)]","{'x': 18, 'y': 'eWu'}","{'x': 50, 'y': 'wId'}",s3://sense-table-demo/datasets/COCO2017/images/000000000001.jpg,s3alternative://bucket/path/to/file.jpg
90,s90,https://placehold.co/390x310.png,,,inf,-inf,90,single value,1,1.23456789,True,3,-888,-8,15,18,762,553,230,0.9106,0.26023337,0.9473504626310387,False,True,3.0,emoji 不,,2023-02-09,2023-06-23,[62  3],['Q6x' 'VJGyOp' 'hTExIqqB9'],b'\x0f\xca\xdeb\x07\xee',"[('iSS', 38)]","[('m5J', 66)]","{'x': 51, 'y': '5fP'}","{'x': 69, 'y': 'RYw'}",s3://sense-table-demo/datasets/COCO2017/images/000000000001.jpg,s3alternative://bucket/path/to/file.jpg
91,s91,https://placehold.co/391x309.png,,,inf,-inf,91,single value,1,1.23456789,True,-127,-999,139,348,38,824,424,922,0.625,0.51524794,0.6253046602139478,True,,3.0,a with space,a with space,2023-08-08,2023-02-16,[ 7 81 11],['r4E' 'h0C3Bf' 'Q0tveH30S'],"b""'\xfc\xd2=\xec\x9c\x8a\x99\xba""","[('gLl', 71)]","[('qzg', 15)]","{'x': 48, 'y': 'Avt'}","{'x': 87, 'y': '11o'}",s3://sense-table-demo/datasets/COCO2017/images/000000000001.jpg,s3alternative://bucket/path/to/file.jpg
92,s92,https://placehold.co/392x308.png,,,inf,-inf,92,single value,1,1.23456789,True,125,-359,-810,-485,125,400,612,419,0.336,0.49118635,0.7834227259416147,True,,3.0,a with space,,2023-05-09,2023-01-15,[33 81],['5NX' 'FhmiXb' 'IwXILft9S'],b'\xd9',"[('5yC', 60)]","[('es6', 67)]","{'x': 98, 'y': 'Kbs'}",,s3://sense-table-demo/datasets/COCO2017/images/000000000001.jpg,s3alternative://bucket/path/to/file.jpg
93,s93,https://placehold.co/393x307.png,,,inf,-inf,93,single value,1,1.23456789,True,5,-781,-748,39,194,623,517,156,0.825,0.9963358,0.612257985881158,False,,3.0,a with space,"multiple
lines	string",2023-01-08,2023-12-27,[74 75 48],['GVZ' 'e8NBQv' '2WNl7A4dh'],b'Y\x83c',"[('WSg', 91)]","[('X72', 77)]","{'x': 98, 'y': '9M9'}","{'x': 53, 'y': 'Ryt'}",s3://sense-table-demo/datasets/COCO2017/images/000000000001.jpg,s3alternative://bucket/path/to/file.jpg
94,s94,https://placehold.co/394x306.png,,,inf,-inf,94,single value,1,1.23456789,True,-75,589,-20,-209,172,766,691,549,0.363,0.89743614,0.4843984475740406,False,,3.0,c having special characters: !@#$%^&*(),,2023-04-11,2023-05-27,[92 25 17],['jku' 'Rv630p' 'NIhsHFk6j'],b'\x7f',"[('z5Z', 72)]","[('YJR', 77)]","{'x': 37, 'y': 'Bjc'}","{'x': 23, 'y': 'xxH'}",s3://sense-table-demo/datasets/COCO2017/images/000000000001.jpg,s3alternative://bucket/path/to/file.jpg
95,s95,https://placehold.co/395x305.png,,,inf,-inf,95,single value,1,1.23456789,True,-23,-146,-73,-665,140,302,281,440,0.03424,0.46338075,0.6608201182992507,False,False,3.0,c having special characters: !@#$%^&*(),"multiple
lines	string",2023-06-25,2023-01-26,[80 86],['OSL' '0IZbcN' 'JOVzNEMr7'],b'\xee\x90\x99C\xc2\xd0\x02\xa3\xa5',"[('KVB', 57)]","[('7IV', 15)]","{'x': 86, 'y': 'Ymx'}","{'x': 70, 'y': 'PDl'}",s3://sense-table-demo/datasets/COCO2017/images/000000000001.jpg,s3alternative://bucket/path/to/file.jpg
96,s96,https://placehold.co/396x304.png,,,inf,-inf,96,single value,1,1.23456789,True,-125,759,184,782,241,918,319,96,0.8306,0.6229374,0.5530014525919584,False,True,,c having special characters: !@#$%^&*(),,2023-04-17,2023-11-04,[40  5 68 43],['DXQ' 'sedBEm' 'LtST18iwI'],b'\xdd',"[('O7i', 33)]","[('U7C', 86)]","{'x': 21, 'y': 'U0g'}","{'x': 62, 'y': 'x50'}",s3://sense-table-demo/datasets/COCO2017/images/000000000001.jpg,s3alternative://bucket/path/to/file.jpg
97,s97,https://placehold.co/397x303.png,,,inf,-inf,97,single value,1,1.23456789,True,-75,248,279,-743,219,206,737,996,0.3452,0.7478716,0.5974758626319301,False,False,2.0,"multiple
lines	string",c having special characters: !@#$%^&*(),2023-04-11,2023-04-03,[27],['tCq' 'pgrxMp' '1juJtVEFE'],b'y\xfd\xd3\xb1m',"[('EGd', 51)]","[('CKb', 70)]","{'x': 34, 'y': 'd65'}",,s3://sense-table-demo/datasets/COCO2017/images/000000000001.jpg,s3alternative://bucket/path/to/file.jpg
98,s98,https://placehold.co/398x302.png,,,inf,-inf,98,single value,1,1.23456789,True,92,-616,346,-504,125,228,442,410,0.774,0.03486516,0.7838325534188619,False,True,1.0,emoji 不,,2023-09-17,2023-08-20,[18],['tb6' 'F7nvdE' '2ODH0A2TV'],b'\x86k\xe2\xd2',"[('50D', 0)]","[('heN', 14)]","{'x': 45, 'y': '1Ya'}","{'x': 61, 'y': 'j9P'}",s3://sense-table-demo/datasets/COCO2017/images/000000000001.jpg,s3alternative://bucket/path/to/file.jpg
99,s99,https://placehold.co/399x301.png,,,inf,-inf,99,single value,1,1.23456789,True,62,426,-873,-105,57,852,951,950,0.3628,0.8949214,0.48090383144898485,False,True,3.0,emoji 不,,2023-09-03,2023-01-21,[43 67],['wyJ' 'mIeFVr' '9Qh8yXv6U'],b'\xb4\xbd\xdb\xc6\xce\xe3\x9f',"[('F5k', 39)]",,"{'x': 54, 'y': 'RgB'}","{'x': 21, 'y': 'iea'}",s3://sense-table-demo/datasets/COCO2017/images/000000000001.jpg,s3alternative://bucket/path/to/file.jpg
100,s100,https://placehold.co/400x300.png,,,inf,-inf,100,single value,1,1.23456789,True,17,661,-983,-841,147,909,314,288,0.861,0.8601268,0.040754106092472764,True,True,1.0,,c having special characters: !@#$%^&*(),2023-10-02,2023-11-03,[50 12 82],['mFF' 'ciuDCL' 'FuMk9TsuZ'],b'v\xeb\xb9\xfbE\x93\x0e',"[('JTh', 0)]","[('9Po', 43)]","{'x': 84, 'y': 'bmH'}","{'x': 28, 'y': 'SEB'}",s3://sense-table-demo/datasets/COCO2017/images/000000000001.jpg,s3alternative://bucket/path/to/file.jpg
101,s101,https://placehold.co/401x299.png,,,inf,-inf,101,single value,1,1.23456789,True,89,153,816,498,219,577,876,253,0.2195,0.4574321,0.16399948098949724,True,False,,c having special characters: !@#$%^&*(),,2023-02-01,2023-02-07,[55 75 50 36],,b'SYr\xbf\xcb',"[('yL2', 62)]","[('t7G', 26)]","{'x': 84, 'y': 'mGq'}","{'x': 41, 'y': '9fN'}",s3://sense-table-demo/datasets/COCO2017/images/000000000001.jpg,s3alternative://bucket/path/to/file.jpg
102,s102,https://placehold.co/402x298.png,,,inf,-inf,102,single value,1,1.23456789,True,-85,76,758,-149,199,74,965,195,0.9746,0.39116976,0.4386072164895384,True,True,3.0,"multiple
lines	string","multiple
lines	string",2023-05-17,2023-10-03,[89 28 32],['HRs' 'YwP8KX' 'SQbD7WWJS'],b'\x00c\xf9\x07\xa4\x0e\xc8v',"[('Fx8', 41)]","[('aZp', 77)]","{'x': 64, 'y': 'DTi'}","{'x': 30, 'y': 'zCW'}",s3://sense-table-demo/datasets/COCO2017/images/000000000001.jpg,s3alternative://bucket/path/to/file.jpg
103,s103,https://placehold.co/403x297.png,,,inf,-inf,103,single value,1,1.23456789,True,33,707,-435,687,60,434,740,597,0.78,0.27295938,0.7248265598740583,True,False,2.0,"multiple
lines	string","multiple
lines	string",2023-01-12,2023-06-06,[54],,b'|;Mj\x94Q',"[('4Vq', 80)]","[('fPY', 96)]","{'x': 63, 'y': 'RbK'}","{'x': 17, 'y': 'LAl'}",s3://sense-table-demo/datasets/COCO2017/images/000000000001.jpg,s3alternative://bucket/path/to/file.jpg
104,s104,https://placehold.co/404x296.png,,,inf,-inf,104,single value,1,1.23456789,True,73,-271,-431,931,126,102,376,833,0.11426,0.47667682,0.5932786483101787,True,,1.0,emoji 不,"multiple
lines	string",2023-10-29,2023-06-28,,['KkM' 'M0jQb6' 'gbtjQzW52'],b';KJ\xa1w',"[('78C', 98)]",,"{'x': 22, 'y': 'Pck'}","{'x': 16, 'y': 'FIB'}",s3://sense-table-demo/datasets/COCO2017/images/000000000001.jpg,s3alternative://bucket/path/to/file.jpg
105,s105,https://placehold.co/405x295.png,,,inf,-inf,105,single value,1,1.23456789,True,61,695,346,-311,104,421,288,521,0.566,0.044376664,0.6502941858734539,False,,3.0,c having special characters: !@#$%^&*(),emoji 不,2023-01-16,2023-05-12,[12],['Tdi' 'muPGtk' '4vvVSNQLl'],b'\xd8\xf4\xd1m7\x08',"[('izR', 7)]","[('e5D', 91)]","{'x': 76, 'y': 'rWM'}","{'x': 86, 'y': 'wlL'}",s3://sense-table-demo/datasets/COCO2017/images/000000000001.jpg,s3alternative://bucket/path/to/file.jpg
106,s106,https://placehold.co/406x294.png,,,inf,-inf,106,single value,1,1.23456789,True,99,733,895,698,166,703,436,516,0.9854,0.85219353,0.4792789285762873,True,True,,,a with space,2023-05-09,2023-11-07,[10 16 67 46],['pIn' '8srmRt' 'v5XqhPx8Y'],b'\xe7>FS\xfe~y\xbc',"[('UsR', 16)]","[('v3q', 53)]","{'x': 86, 'y': 'dOa'}","{'x': 55, 'y': 'J0o'}",s3://sense-table-demo/datasets/COCO2017/images/000000000001.jpg,s3alternative://bucket/path/to/file.jpg
107,s107,https://placehold.co/407x293.png,,,inf,-inf,107,single value,1,1.23456789,True,-115,439,-315,-621,0,763,661,634,0.471,0.03542237,0.6157420219422428,True,False,2.0,c having special characters: !@#$%^&*(),"multiple
lines	string",2023-03-04,2023-12-14,[20],['7Xs' 'rSvBpD' 'mH5RiMKpP'],b'L\x90\xb1\xaa\xe5pN\xd3',"[('1S6', 89)]",,"{'x': 20, 'y': 'yq0'}","{'x': 55, 'y': 'FzH'}",s3://sense-table-demo/datasets/COCO2017/images/000000000001.jpg,s3alternative://bucket/path/to/file.jpg
108,s108,https://placehold.co/408x292.png,,,inf,-inf,108,single value,1,1.23456789,True,-34,-754,815,568,130,737,276,841,0.1821,0.32905138,0.3290174378146622,True,,1.0,a with space,c having special characters: !@#$%^&*(),2023-04-19,2023-01-28,[11 36 41],['GNd' 'zSgVaI' '5z52Dm7tO'],b'J\t\xbf?\xe0\xff\r\xd0',"[('NmM', 37)]","[('6Q4', 12)]","{'x': 22, 'y': 'O1b'}","{'x': 56, 'y': 'w8J'}",s3://sense-table-demo/datasets/COCO2017/images/000000000001.jpg,s3alternative://bucket/path/to/file.jpg
109,s109,https://placehold.co/409x291.png,,,inf,-inf,109,single value,1,1.23456789,True,-81,-165,-375,952,204,805,709,864,0.4849,0.9315895,0.47018259269666507,True,False,1.0,c having special characters: !@#$%^&*(),"multiple
lines	string",2023-01-21,2023-09-17,[47 27],['4fJ' 'HS64k2' 'k59yE6752'],b'\xaf\x8aL\x18\x1ax',"[('svP', 77)]","[('EmT', 34)]","{'x': 43, 'y': '1Oo'}",,s3://sense-table-demo/datasets/COCO2017/images/000000000001.jpg,s3alternative://bucket/path/to/file.jpg
110,s110,https://placehold.co/410x290.png,,,inf,-inf,110,single value,1,1.23456789,True,-114,462,311,-44,91,305,581,117,0.5127,0.7352127,0.7442790655949556,True,False,3.0,a with space,emoji 不,2023-06-07,2023-03-17,[46 17 77],['aJg' '8r9HE6' '0DlgkCplT'],b'l\x91d',"[('8O7', 34)]","[('2mm', 28)]","{'x': 46, 'y': 'x8g'}","{'x': 0, 'y': 'RhD'}",s3://sense-table-demo/datasets/COCO2017/images/000000000001.jpg,s3alternative://bucket/path/to/file.jpg
111,s111,https://placehold.co/411x289.png,,,inf,-inf,111,single value,1,1.23456789,True,71,-798,966,-310,189,97,502,805,0.7417,0.28139096,0.8718327789731212,True,True,2.0,a with space,,2023-09-26,2023-03-08,[70],['XJU' 'k13ZFf' 'PliupqoU7'],"b'""'","[('FRt', 71)]",,"{'x': 41, 'y': 't1G'}","{'x': 92, 'y': 'QiT'}",s3://sense-table-demo/datasets/COCO2017/images/000000000001.jpg,s3alternative://bucket/path/to/file.jpg
112,s112,https://placehold.co/412x288.png,,,inf,-inf,112,single value,1,1.23456789,True,77,207,-147,450,248,849,623,908,0.6987,0.2526491,0.4336553339563889,True,,2.0,,c having special characters: !@#$%^&*(),2023-06-11,2023-12-08,[12 99],,,"[('hvD', 53)]","[('pMj', 21)]","{'x': 47, 'y': 'lFC'}","{'x': 64, 'y': '88W'}",s3://sense-table-demo/datasets/COCO2017/images/000000000001.jpg,s3alternative://bucket/path/to/file.jpg
113,s113,https://placehold.co/413x287.png,,,inf,-inf,113,single value,1,1.23456789,True,86,-878,686,636,190,797,515,158,0.4026,0.0050821397,0.04366165770736119,False,True,2.0,emoji 不,emoji 不,2023-09-17,2023-07-13,[ 8 72 37 74],['sSa' 'OQdhtz' 'F3Rth4sMn'],b'\xb5c\xf0',"[('JPz', 12)]","[('g5P', 68)]","{'x': 5, 'y': '5bp'}","{'x': 90, 'y': 'Ce3'}",s3://sense-table-demo/datasets/COCO2017/images/000000000001.jpg,s3alternative://bucket/path/to/file.jpg
114,s114,https://placehold.co/414x286.png,,,inf,-inf,114,single value,1,1.23456789,True,123,-600,-39,291,251,334,349,814,0.218,0.6957143,0.16167254414680265,False,True,2.0,c having special characters: !@#$%^&*(),,2023-04-12,2023-06-11,[96 99],['ijU' 'LzIDHP' 'npU2fBReI'],"b'""\x8be;U'","[('U0r', 34)]","[('PMV', 88)]","{'x': 56, 'y': 'Guy'}","{'x': 15, 'y': 'fDT'}",s3://sense-table-demo/datasets/COCO2017/images/000000000001.jpg,s3alternative://bucket/path/to/file.jpg
115,s115,https://placehold.co/415x285.png,,,inf,-inf,115,single value,1,1.23456789,True,120,-234,662,858,112,858,842,227,0.645,0.04878358,0.0208611392915381,True,,,a with space,c having special characters: !@#$%^&*(),2023-08-11,2023-12-13,[33],['dHF' 'JjuGhm' 'KfFYCFCdC'],,"[('0YG', 68)]","[('HcD', 0)]","{'x': 89, 'y': 'jvv'}","{'x': 60, 'y': '7eN'}",s3://sense-table-demo/datasets/COCO2017/images/000000000001.jpg,s3alternative://bucket/path/to/file.jpg
116,s116,https://placehold.co/416x284.png,,,inf,-inf,116,single value,1,1.23456789,True,61,-707,-846,600,152,434,445,876,0.4216,0.53260255,0.6532630192373301,False,,2.0,c having special characters: !@#$%^&*(),,2023-02-28,2023-12-27,[ 6 35 17  2],['YSy' 'YUJcvd' '95e5bzVV8'],b'\xb0\xcd',"[('bjP', 48)]","[('ME9', 86)]","{'x': 44, 'y': 'Mo8'}","{'x': 25, 'y': 'Xtd'}",s3://sense-table-demo/datasets/COCO2017/images/000000000001.jpg,s3alternative://bucket/path/to/file.jpg
117,s117,https://placehold.co/417x283.png,,,inf,-inf,117,single value,1,1.23456789,True,-89,-721,-511,440,55,446,829,215,0.1323,0.96212196,0.3323146253551089,False,False,1.0,emoji 不,a with space,2023-09-04,2023-09-14,[43 20 27 53],['OA9' 'x14xQP' 'HOvlHGTna'],b'\xcexM\xd6\xff\x8e\xfa',"[('mUj', 33)]",,"{'x': 86, 'y': 'FYM'}","{'x': 64, 'y': 'vWD'}",s3://sense-table-demo/datasets/COCO2017/images/000000000001.jpg,s3alternative://bucket/path/to/file.jpg
118,s118,https://placehold.co/418x282.png,,,inf,-inf,118,single value,1,1.23456789,True,84,860,409,191,160,993,349,947,0.9004,0.10946886,0.5424786357193675,False,,1.0,emoji 不,a with space,2023-05-08,2023-03-13,[20 98 12 56],,b'\x02\xe2;',"[('rp0', 4)]","[('31E', 53)]","{'x': 91, 'y': '23Y'}","{'x': 63, 'y': 'FDT'}",s3://sense-table-demo/datasets/COCO2017/images/000000000001.jpg,s3alternative://bucket/path/to/file.jpg
119,s119,https://placehold.co/419x281.png,,,inf,-inf,119,single value,1,1.23456789,True,79,-117,-216,865,165,307,606,695,0.6914,0.89447993,0.49327684678379957,False,False,,"multiple
lines	string",emoji 不,2023-10-10,2023-03-28,[ 9 52],['bsP' 'HGZpvr' '6SgYzV2am'],b'|l\xfff\x89',"[('QsU', 5)]","[('94r', 28)]","{'x': 40, 'y': 'bIr'}","{'x': 58, 'y': 'A7X'}",s3://sense-table-demo/datasets/COCO2017/images/000000000001.jpg,s3alternative://bucket/path/to/file.jpg
120,s120,https://placehold.co/420x280.png,,,inf,-inf,120,single value,1,1.23456789,True,108,633,127,66,116,248,663,14,0.683,0.99147534,0.0815264895524267,True,False,1.0,emoji 不,,2023-11-21,2023-09-19,[73],['gcL' 'RdTyon' '1dFrYTtLP'],b'<&\x9d\xfd',"[('cYg', 63)]",,"{'x': 57, 'y': 'j3O'}","{'x': 43, 'y': 'rc5'}",s3://sense-table-demo/datasets/COCO2017/images/000000000001.jpg,s3alternative://bucket/path/to/file.jpg
121,s121,https://placehold.co/421x279.png,,,inf,-inf,121,single value,1,1.23456789,True,-47,-803,952,579,133,165,822,156,0.8228,0.061517026,0.4032613611238318,False,False,1.0,,a with space,2023-01-25,2023-08-02,,['tsi' 'Onsd62' '4MAE86PWt'],b'\xaa*:',"[('1T1', 3)]",,"{'x': 5, 'y': 'fx7'}","{'x': 78, 'y': 'UTI'}",s3://sense-table-demo/datasets/COCO2017/images/000000000001.jpg,s3alternative://bucket/path/to/file.jpg
122,s122,https://placehold.co/422x278.png,,,inf,-inf,122,single value,1,1.23456789,True,-18,-19,416,-716,57,480,136,647,0.53,0.88290626,0.22056112492232327,False,,2.0,a with space,,2023-05-11,2023-06-02,[ 1 85 80 99],['zjx' 'UD0sRX' '4I8IipmO5'],b'\x13\x95\x97:/\xbc\xc9\x91\xd2',"[('UIo', 13)]","[('nJd', 66)]","{'x': 37, 'y': 'LMo'}","{'x': 67, 'y': 'dDk'}",s3://sense-table-demo/datasets/COCO2017/images/000000000001.jpg,s3alternative://bucket/path/to/file.jpg
123,s123,https://placehold.co/423x277.png,,,inf,-inf,123,single value,1,1.23456789,True,-76,930,834,-604,43,983,758,260,0.815,0.516079,0.4183997886676527,False,True,1.0,"multiple
lines	string",,2023-12-19,2023-07-29,[24  2 16],['0fS' 'lqPL2l' 'VSID1u7a6'],b'\xb6\x1a',"[('WXr', 6)]","[('XDH', 57)]","{'x': 74, 'y': 'oj8'}","{'x': 15, 'y': 'd9Y'}",s3://sense-table-demo/datasets/COCO2017/images/000000000001.jpg,s3alternative://bucket/path/to/file.jpg
124,s124,https://placehold.co/424x276.png,,,inf,-inf,124,single value,1,1.23456789,True,-105,534,-755,-989,172,334,898,156,0.498,0.9065137,0.20357828034224268,True,False,,,emoji 不,2023-07-15,2023-03-02,[23 28 42 24],['7h9' 'DpLm4I' 'WxHwqFEg8'],b'2\xae\xe1\xfe\x94',"[('P5y', 14)]","[('FyQ', 0)]","{'x': 39, 'y': '4uH'}","{'x': 18, 'y': 'Mrf'}",s3://sense-table-demo/datasets/COCO2017/images/000000000001.jpg,s3alternative://bucket/path/to/file.jpg
125,s125,https://placehold.co/425x275.png,,,inf,-inf,125,single value,1,1.23456789,True,25,-249,199,630,159,541,242,46,0.0672,0.5713189,0.8404524062769335,True,True,2.0,c having special characters: !@#$%^&*(),emoji 不,2023-10-08,2023-09-25,[89 64 83 27],['D04' 'wzInjq' '5JzjuxZEO'],b'\xf5vm\xdc',"[('78t', 34)]","[('k8R', 28)]","{'x': 98, 'y': 'miH'}","{'x': 49, 'y': 'F0r'}",s3://sense-table-demo/datasets/COCO2017/images/000000000001.jpg,s3alternative://bucket/path/to/file.jpg
126,s126,https://placehold.co/426x274.png,,,inf,-inf,126,single value,1,1.23456789,True,88,-857,62,325,172,758,542,323,0.4053,0.662112,0.17419333657825364,True,True,3.0,a with space,emoji 不,2023-06-03,2023-09-19,[91],['QpY' '7NEkXk' 'SE4HNdc06'],b'\xa5^\x9f\xf0',"[('Iap', 18)]","[('CQa', 7)]","{'x': 18, 'y': 'X1t'}","{'x': 11, 'y': 'ir1'}",s3://sense-table-demo/datasets/COCO2017/images/000000000001.jpg,s3alternative://bucket/path/to/file.jpg
127,s127,https://placehold.co/427x273.png,,,inf,-inf,127,single value,1,1.23456789,True,123,-392,500,921,60,105,39,843,0.4976,0.5437789,0.9607805514869769,True,,2.0,emoji 不,a with space,2023-05-13,2023-08-06,[52 41 58],['PVz' '0oRaFx' 'MPMDEaIaG'],b'\x9aL',"[('MW1', 34)]","[('nKu', 50)]","{'x': 87, 'y': 'RGi'}","{'x': 31, 'y': 'agk'}",s3://sense-table-demo/datasets/COCO2017/images/000000000001.jpg,s3alternative://bucket/path/to/file.jpg
128,s128,https://placehold.co/428x272.png,,,inf,-inf,128,single value,1,1.23456789,True,59,224,705,276,46,562,228,684,0.72,0.8644929,0.4159073661469408,True,True,,a with space,emoji 不,2023-08-15,2023-10-10,[33],['r8b' 'YPX4gf' 'jlGYqyxzJ'],b'w\x1b',"[('Z4R', 47)]","[('LqI', 59)]","{'x': 61, 'y': '98i'}","{'x': 0, 'y': 'KjB'}",s3://sense-table-demo/datasets/COCO2017/images/000000000001.jpg,s3alternative://bucket/path/to/file.jpg
129,s129,https://placehold.co/429x271.png,,,inf,-inf,129,single value,1,1.23456789,True,-5,147,-242,-502,148,80,547,129,0.10657,0.7339099,0.8462452920190493,True,True,2.0,c having special characters: !@#$%^&*(),a with space,2023-07-08,2023-05-16,[95 95 24],['9oQ' '0O1Vfx' 'IdakEAWJ1'],b'\xabc\xb3\xa1\x84',"[('OUH', 23)]","[('oDM', 90)]","{'x': 24, 'y': '54t'}","{'x': 57, 'y': 'YqR'}",s3://sense-table-demo/datasets/COCO2017/images/000000000001.jpg,s3alternative://bucket/path/to/file.jpg
130,s130,https://placehold.co/430x270.png,,,inf,-inf,130,single value,1,1.23456789,True,108,-814,-463,-247,79,132,919,410,0.14,0.5212603,0.6287648182059451,True,,2.0,"multiple
lines	string",emoji 不,2023-09-22,2023-12-28,[ 6 56],['fGc' 'n13Dce' '53Ic5t7KU'],b'\xe83\r\xa6\xb5t\xde\x11\xc9',"[('LW7', 16)]","[('wEn', 83)]","{'x': 97, 'y': 'I6h'}",,s3://sense-table-demo/datasets/COCO2017/images/000000000001.jpg,s3alternative://bucket/path/to/file.jpg
131,s131,https://placehold.co/431x269.png,,,inf,-inf,131,single value,1,1.23456789,True,-88,349,890,-966,117,796,222,94,0.2637,0.8681608,0.7353502986657526,False,False,,"multiple
lines	string","multiple
lines	string",2023-05-14,2023-04-03,[79 42 99 76],['Sye' 'koZy3u' 'Ui9SF8dBZ'],b'?',"[('slQ', 49)]","[('Rx0', 72)]","{'x': 97, 'y': 't2T'}","{'x': 44, 'y': 'EX1'}",s3://sense-table-demo/datasets/COCO2017/images/000000000001.jpg,s3alternative://bucket/path/to/file.jpg
132,s132,https://placehold.co/432x268.png,,,inf,-inf,132,single value,1,1.23456789,True,28,-537,841,-274,212,899,5,626,0.2666,0.24528553,0.7677238880667803,False,True,2.0,"multiple
lines	string",,2023-07-30,2023-04-19,[50 72 31],,b'\x8e',"[('lkF', 31)]","[('rli', 18)]","{'x': 22, 'y': 'V2z'}","{'x': 22, 'y': 'vfi'}",s3://sense-table-demo/datasets/COCO2017/images/000000000001.jpg,s3alternative://bucket/path/to/file.jpg
133,s133,https://placehold.co/433x267.png,,,inf,-inf,133,single value,1,1.23456789,True,-114,372,-80,-152,202,137,321,754,0.7324,0.15734066,0.5048448818930178,False,,,emoji 不,emoji 不,2023-03-01,2023-08-29,[86],['vV7' 'yVbq9E' 'w6AQOfMXS'],b'\xd5&\x86t\xf1\xee',"[('xAI', 69)]","[('Jog', 44)]","{'x': 15, 'y': 'zB5'}","{'x': 6, 'y': '5jE'}",s3://sense-table-demo/datasets/COCO2017/images/000000000001.jpg,s3alternative://bucket/path/to/file.jpg
134,s134,https://placehold.co/434x266.png,,,inf,-inf,134,single value,1,1.23456789,True,-84,794,-593,-911,251,183,467,931,0.2507,0.16040011,0.5433005233632884,True,True,,,c having special characters: !@#$%^&*(),2023-12-30,2023-12-21,[44 85 58  3],['fjS' 'NTtgat' 'wqilBIzbv'],b'\x93\xad',"[('iKp', 13)]","[('qoA', 12)]","{'x': 72, 'y': '35q'}","{'x': 26, 'y': '9Vo'}",s3://sense-table-demo/datasets/COCO2017/images/000000000001.jpg,s3alternative://bucket/path/to/file.jpg
135,s135,https://placehold.co/435x265.png,,,inf,-inf,135,single value,1,1.23456789,True,-64,-341,-476,-225,228,400,731,291,0.6333,0.33400887,0.513995867808725,True,True,3.0,,,2023-12-30,2023-05-22,[28],['fLu' 'xsyf34' '8JkxisEdA'],b'v',"[('uSj', 78)]",,"{'x': 18, 'y': 'Wgl'}","{'x': 78, 'y': 'BNn'}",s3://sense-table-demo/datasets/COCO2017/images/000000000001.jpg,s3alternative://bucket/path/to/file.jpg
136,s136,https://placehold.co/436x264.png,,,inf,-inf,136,single value,1,1.23456789,True,-40,-237,-173,-396,163,329,74,793,0.4944,0.23869003,0.5880583780900792,True,False,1.0,a with space,,2023-08-01,2023-10-18,[76 78 86 43],['AEe' 'ppMKmg' 's6uMXuuY1'],b'u\x04\x85\xcd\x13\x12\x8a\xaf',"[('jud', 67)]","[('xj7', 51)]","{'x': 79, 'y': 'VLq'}","{'x': 54, 'y': 'TvN'}",s3://sense-table-demo/datasets/COCO2017/images/000000000001.jpg,s3alternative://bucket/path/to/file.jpg
137,s137,https://placehold.co/437x263.png,,,inf,-inf,137,single value,1,1.23456789,True,-58,-46,529,945,226,784,3,810,0.573,0.93009037,0.029394445756507293,True,True,1.0,emoji 不,emoji 不,2023-08-04,2023-08-25,,['8it' '6mt78s' 'REJpxYyhI'],b'\x9b\x9c\x97',"[('5MP', 79)]","[('jXk', 85)]","{'x': 54, 'y': 'Joo'}","{'x': 56, 'y': 'Uhk'}",s3://sense-table-demo/datasets/COCO2017/images/000000000001.jpg,s3alternative://bucket/path/to/file.jpg
138,s138,https://placehold.co/438x262.png,,,inf,-inf,138,single value,1,1.23456789,True,-120,955,-98,-31,146,507,846,282,0.838,0.1058341,0.39551516984901525,True,,2.0,"multiple
lines	string",,2023-08-14,2023-12-06,[4],['KHQ' 'I7CRBs' 'QYXzENpOS'],b'$c',"[('EJw', 61)]","[('E90', 71)]","{'x': 88, 'y': 'QwQ'}","{'x': 1, 'y': 'ysU'}",s3://sense-table-demo/datasets/COCO2017/images/000000000001.jpg,s3alternative://bucket/path/to/file.jpg
139,s139,https://placehold.co/439x261.png,,,inf,-inf,139,single value,1,1.23456789,True,-41,-598,848,625,19,851,645,68,0.4043,0.69899076,0.6061887135611715,False,True,2.0,"multiple
lines	string",emoji 不,2023-05-11,2023-11-08,[49 74 14 31],['We9' 'DyF5QH' 'Xw3HNfVOw'],b'#\xcf',"[('Wtn', 89)]","[('GSW', 41)]","{'x': 5, 'y': 'DFL'}","{'x': 96, 'y': 'UHx'}",s3://sense-table-demo/datasets/COCO2017/images/000000000001.jpg,s3alternative://bucket/path/to/file.jpg
140,s140,https://placehold.co/440x260.png,,,inf,-inf,140,single value,1,1.23456789,True,0,369,-965,21,184,983,117,659,0.771,0.18922155,0.5977235652558643,False,False,3.0,c having special characters: !@#$%^&*(),,2023-03-17,2023-06-26,,['Oc8' 'QyU7Aa' 'qFGJJByVK'],b'k\xebK\x18\xa7W\xdcZ',"[('leF', 65)]","[('sIJ', 25)]","{'x': 69, 'y': 'Sx0'}","{'x': 37, 'y': 'RDi'}",s3://sense-table-demo/datasets/COCO2017/images/000000000001.jpg,s3alternative://bucket/path/to/file.jpg
141,s141,https://placehold.co/441x259.png,,,inf,-inf,141,single value,1,1.23456789,True,107,986,-316,-583,145,68,880,10,0.422,0.88163716,0.7929560946056315,True,False,3.0,c having special characters: !@#$%^&*(),c having special characters: !@#$%^&*(),2023-10-13,2023-05-21,[89 70 56],['Fvb' 'gz7h6i' 'tCmDDBRts'],b'\x07\\ \x08',"[('zHf', 7)]","[('yQd', 76)]","{'x': 47, 'y': 'Eil'}","{'x': 77, 'y': '1a5'}",s3://sense-table-demo/datasets/COCO2017/images/000000000001.jpg,s3alternative://bucket/path/to/file.jpg
142,s142,https://placehold.co/442x258.png,,,inf,-inf,142,single value,1,1.23456789,True,7,534,-981,-886,46,545,605,253,0.3538,0.9613153,0.6550093388321085,True,,3.0,"multiple
lines	string",,2023-10-04,2023-07-08,[44 82],['Yh0' 'OPk9pk' 'jI7ozlNAb'],b'\x7f',"[('nnu', 42)]","[('YDN', 19)]","{'x': 30, 'y': 'bVa'}","{'x': 34, 'y': 'BQ7'}",s3://sense-table-demo/datasets/COCO2017/images/000000000001.jpg,s3alternative://bucket/path/to/file.jpg
143,s143,https://placehold.co/443x257.png,,,inf,-inf,143,single value,1,1.23456789,True,87,-854,-680,-384,232,773,503,841,0.9585,0.46547002,0.9921333163406724,True,False,,"multiple
lines	string",c having special characters: !@#$%^&*(),2023-06-05,2023-02-18,[71],['MmK' 'yRmUYd' 'g2luCq1GN'],b'\x8f\xb4\x06\xe2\xadc\xd0',"[('wnU', 44)]","[('Buw', 38)]","{'x': 29, 'y': 'qzU'}","{'x': 86, 'y': 'Qc4'}",s3://sense-table-demo/datasets/COCO2017/images/000000000001.jpg,s3alternative://bucket/path/to/file.jpg
144,s144,https://placehold.co/444x256.png,,,inf,-inf,144,single value,1,1.23456789,True,-66,171,799,926,48,52,997,871,0.1843,0.8790715,0.283854528608645,True,True,3.0,emoji 不,a with space,2023-09-05,2023-10-29,[94 27 74],['LLK' 'v0MYRs' 'MfihslQFz'],"b'\xcfCg\x80,\\\xed'","[('G9Z', 70)]","[('I5p', 78)]","{'x': 17, 'y': '9Ue'}","{'x': 96, 'y': 'N7A'}",s3://sense-table-demo/datasets/COCO2017/images/000000000001.jpg,s3alternative://bucket/path/to/file.jpg
145,s145,https://placehold.co/445x255.png,,,inf,-inf,145,single value,1,1.23456789,True,10,-137,-489,219,13,449,946,549,0.09033,0.0051451707,0.35915102966623147,False,False,3.0,,"multiple
lines	string",2023-08-06,2023-07-09,[46],['ixl' 'NQO9IE' 'itBdwaiY7'],b'\xaf\xe3W2\x9a\xe8\x1c`',"[('8aP', 56)]","[('bh1', 77)]","{'x': 72, 'y': '591'}","{'x': 22, 'y': '41u'}",s3://sense-table-demo/datasets/COCO2017/images/000000000001.jpg,s3alternative://bucket/path/to/file.jpg
146,s146,https://placehold.co/446x254.png,,,inf,-inf,146,single value,1,1.23456789,True,114,734,-601,-175,142,204,573,133,0.771,0.81994694,0.3838471518677963,True,,2.0,c having special characters: !@#$%^&*(),,2023-07-09,2023-05-16,[53 59 56 46],['FEQ' 'z0EfbV' 'srHkCUVIh'],b'\xff\x0ct\xe2\xfe\xd5y\xcd',"[('B4M', 29)]",,"{'x': 3, 'y': 'EuC'}","{'x': 57, 'y': 'qgO'}",s3://sense-table-demo/datasets/COCO2017/images/000000000001.jpg,s3alternative://bucket/path/to/file.jpg
147,s147,https://placehold.co/447x253.png,,,inf,-inf,147,single value,1,1.23456789,True,-48,843,-347,524,158,125,440,711,0.06824,0.22862516,0.4658128070202485,True,False,3.0,,emoji 不,2023-06-12,2023-02-12,,['hWZ' 'wZcSH9' 'gZUs9BvYB'],b'\xd3\xc8\xaf',"[('M7Q', 17)]","[('7mJ', 10)]","{'x': 8, 'y': 'pzc'}","{'x': 81, 'y': 'yVU'}",s3://sense-table-demo/datasets/COCO2017/images/000000000001.jpg,s3alternative://bucket/path/to/file.jpg
148,s148,https://placehold.co/448x252.png,,,inf,-inf,148,single value,1,1.23456789,True,7,-512,-29,649,0,746,193,22,0.837,0.9087013,0.8359980637812094,True,False,,emoji 不,a with space,2023-06-29,2023-12-19,[ 4 83],['9Wo' 'YKvSNk' 'immdvrHuR'],b'\xee',"[('t46', 92)]",,"{'x': 25, 'y': 'Txt'}","{'x': 0, 'y': 'TKm'}",s3://sense-table-demo/datasets/COCO2017/images/000000000001.jpg,s3alternative://bucket/path/to/file.jpg
149,s149,https://placehold.co/449x251.png,,,inf,-inf,149,single value,1,1.23456789,True,34,-72,906,516,116,42,846,814,0.4373,0.0011201114,0.23579209395920986,True,False,,"multiple
lines	string","multiple
lines	string",2023-02-03,2023-03-31,[53 32 49],['rq1' '9Qf7W4' '91h1pSZVP'],b'\x07\xdd\nw\xce\x84\xd6\xf0^',"[('xHr', 97)]","[('OkW', 63)]","{'x': 15, 'y': 'LUK'}","{'x': 51, 'y': 'uQl'}",s3://sense-table-demo/datasets/COCO2017/images/000000000001.jpg,s3alternative://bucket/path/to/file.jpg
150,s150,https://placehold.co/450x250.png,,,inf,-inf,150,single value,1,1.23456789,True,34,959,-530,98,53,751,714,345,0.9155,0.5561817,0.7760002070354295,False,,2.0,,emoji 不,2023-02-10,2023-10-22,[14 95],['EJq' 'zCN2fF' 'r6w6uaVTT'],b'{9\xf6X',"[('4Yx', 44)]","[('wPE', 41)]","{'x': 51, 'y': 'G2W'}","{'x': 9, 'y': 'HPZ'}",s3://sense-table-demo/datasets/COCO2017/images/000000000001.jpg,s3alternative://bucket/path/to/file.jpg
151,s151,https://placehold.co/451x249.png,,,inf,-inf,151,single value,1,1.23456789,True,-96,663,166,-588,117,970,391,301,0.7217,0.7566358,0.4053101830857434,True,False,3.0,"multiple
lines	string",,2023-11-03,2023-12-07,[45],,b'\x0b\xbd]e\xb03%',"[('XBc', 93)]","[('T3x', 98)]","{'x': 4, 'y': 'GBZ'}","{'x': 97, 'y': 'agg'}",s3://sense-table-demo/datasets/COCO2017/images/000000000001.jpg,s3alternative://bucket/path/to/file.jpg
152,s152,https://placehold.co/452x248.png,,,inf,-inf,152,single value,1,1.23456789,True,-6,-450,115,399,2,882,25,362,0.6104,0.25868833,0.6018553836620085,True,False,3.0,"multiple
lines	string",emoji 不,2023-12-04,2023-09-02,,,b'\xed\xd1G',"[('3lF', 3)]","[('rNi', 58)]","{'x': 17, 'y': 'c9G'}","{'x': 20, 'y': 'Bnr'}",s3://sense-table-demo/datasets/COCO2017/images/000000000001.jpg,s3alternative://bucket/path/to/file.jpg
153,s153,https://placehold.co/453x247.png,,,inf,-inf,153,single value,1,1.23456789,True,-124,-663,377,443,143,110,434,395,0.949,0.19313286,0.6325405332263061,False,True,,a with space,c having special characters: !@#$%^&*(),2023-11-10,2023-07-11,[61 81],['CPw' 'dHnAnq' 'ZuJJEvQdg'],b'FD',"[('6k7', 5)]","[('kYu', 46)]","{'x': 92, 'y': 'yTI'}","{'x': 80, 'y': 'lbf'}",s3://sense-table-demo/datasets/COCO2017/images/000000000001.jpg,s3alternative://bucket/path/to/file.jpg
154,s154,https://placehold.co/454x246.png,,,inf,-inf,154,single value,1,1.23456789,True,105,-129,-167,-272,214,760,172,217,0.3967,0.08409823,0.37284863718893446,False,,3.0,,c having special characters: !@#$%^&*(),2023-03-16,2023-11-14,[12 94],['WCh' '1Ba7mQ' 'iOj5qOpx4'],b'\xfab',"[('Hae', 17)]","[('NJ0', 10)]","{'x': 41, 'y': 'FNd'}","{'x': 62, 'y': '6OZ'}",s3://sense-table-demo/datasets/COCO2017/images/000000000001.jpg,s3alternative://bucket/path/to/file.jpg
155,s155,https://placehold.co/455x245.png,,,inf,-inf,155,single value,1,1.23456789,True,102,-360,823,300,184,662,299,140,0.954,0.32643357,0.5126152052058052,False,False,3.0,,,2023-10-06,2023-04-16,,,b'\xd7\n@\xf1\x89\xb3',"[('PV1', 95)]","[('eko', 67)]","{'x': 60, 'y': 'sys'}","{'x': 50, 'y': '6NR'}",s3://sense-table-demo/datasets/COCO2017/images/000000000001.jpg,s3alternative://bucket/path/to/file.jpg
156,s156,https://placehold.co/456x244.png,,,inf,-inf,156,single value,1,1.23456789,True,121,802,-274,20,202,182,644,615,0.135,0.5598443,0.413031174647697,True,,3.0,"multiple
lines	string",a with space,2023-06-25,2023-12-29,[7],['kys' 'RoORaD' 'ioQaRY9Ai'],b'SL\xa6\x87\x82',"[('AgH', 73)]","[('tsq', 25)]","{'x': 7, 'y': 'ZCA'}","{'x': 55, 'y': 'h1i'}",s3://sense-table-demo/datasets/COCO2017/images/000000000001.jpg,s3alternative://bucket/path/to/file.jpg
157,s157,https://placehold.co/457x243.png,,,inf,-inf,157,single value,1,1.23456789,True,-88,976,982,-240,11,847,325,957,0.4836,0.115843855,0.06913278618661944,True,False,1.0,emoji 不,"multiple
lines	string",2023-05-30,2023-11-06,[32 80 74],['exT' 'gt2iVU' 'i9iGaOBSM'],"b""'7\xbf\xf7GbK\x1d'""","[('R8W', 62)]","[('NqB', 11)]","{'x': 62, 'y': 'MdG'}","{'x': 31, 'y': 'O3J'}",s3://sense-table-demo/datasets/COCO2017/images/000000000001.jpg,s3alternative://bucket/path/to/file.jpg
158,s158,https://placehold.co/458x242.png,,,inf,-inf,158,single value,1,1.23456789,True,-101,-528,-147,-325,73,94,409,209,0.27,0.37669536,0.43716538881682654,False,False,2.0,a with space,emoji 不,2023-09-30,2023-08-21,[94 27 69],['jzQ' '1fgUKx' '7tirfILLW'],,"[('O6U', 10)]","[('1wK', 36)]","{'x': 8, 'y': 'iZC'}","{'x': 26, 'y': '73R'}",s3://sense-table-demo/datasets/COCO2017/images/000000000001.jpg,s3alternative://bucket/path/to/file.jpg
159,s159,https://placehold.co/459x241.png,,,inf,-inf,159,single value,1,1.23456789,True,6,969,-950,417,223,970,117,984,0.54,0.009072404,0.09739339255355217,False,False,1.0,"multiple
lines	string",c having special characters: !@#$%^&*(),2023-11-21,2023-09-22,[98 47 55 63],['Q0O' 'sGFUsd' '37EgEKG89'],b'\\\xb4>8]\x83\x85;',"[('jCu', 95)]",,"{'x': 10, 'y': 'ShW'}","{'x': 63, 'y': 'pC6'}",s3://sense-table-demo/datasets/COCO2017/images/000000000001.jpg,s3alternative://bucket/path/to/file.jpg
160,s160,https://placehold.co/460x240.png,,,inf,-inf,160,single value,1,1.23456789,True,72,-850,688,892,15,373,835,992,0.162,0.8186794,0.4050207990803215,False,True,2.0,c having special characters: !@#$%^&*(),a with space,2023-04-18,2023-12-10,[75 10],,,"[('fdX', 67)]","[('7zl', 12)]","{'x': 41, 'y': '6Ri'}","{'x': 57, 'y': 'N5r'}",s3://sense-table-demo/datasets/COCO2017/images/000000000001.jpg,s3alternative://bucket/path/to/file.jpg
161,s161,https://placehold.co/461x239.png,,,inf,-inf,161,single value,1,1.23456789,True,-57,438,721,-544,199,911,786,622,0.8413,0.12844872,0.5929183998317819,False,True,,c having special characters: !@#$%^&*(),,2023-05-19,2023-02-06,[18 86],['5i1' 'JwQV7V' 'beqcdWFMF'],b'\xa3',"[('IJo', 82)]","[('bTP', 53)]","{'x': 12, 'y': 'zBl'}","{'x': 35, 'y': 'A4V'}",s3://sense-table-demo/datasets/COCO2017/images/000000000001.jpg,s3alternative://bucket/path/to/file.jpg
162,s162,https://placehold.co/462x238.png,,,inf,-inf,162,single value,1,1.23456789,True,-117,321,-426,-81,101,519,723,615,0.846,0.28334296,0.5794148993435008,False,True,3.0,a with space,,2023-12-16,2023-11-01,,['zRf' 'HMrtFm' 'YHyNZQeRT'],b'd\xc8\xe35',"[('qyN', 85)]","[('6Re', 3)]","{'x': 73, 'y': 'KSm'}","{'x': 12, 'y': 'uke'}",s3://sense-table-demo/datasets/COCO2017/images/000000000001.jpg,s3alternative://bucket/path/to/file.jpg
163,s163,https://placehold.co/463x237.png,,,inf,-inf,163,single value,1,1.23456789,True,33,634,213,-809,203,899,224,827,0.955,0.018427718,0.6626212790083204,False,,2.0,emoji 不,c having special characters: !@#$%^&*(),2023-09-28,2023-02-10,[5 3],['0df' 'ACLtTT' 'hRRk7GWSk'],b'\xde\xac\x9c%',"[('AbP', 34)]","[('kgd', 48)]","{'x': 72, 'y': 'CpQ'}","{'x': 86, 'y': 'Wxu'}",s3://sense-table-demo/datasets/COCO2017/images/000000000001.jpg,s3alternative://bucket/path/to/file.jpg
164,s164,https://placehold.co/464x236.png,,,inf,-inf,164,single value,1,1.23456789,True,-96,-738,148,-262,151,359,531,682,0.1547,0.43224078,0.09526150795462629,True,,1.0,"multiple
lines	string",,2023-12-13,2023-01-17,[58],['hWq' '2VbYqd' 'SJeCwEJwp'],b'~IZ\xddWG',"[('HNM', 83)]","[('2Ib', 10)]","{'x': 1, 'y': '4XS'}","{'x': 62, 'y': 'd7q'}",s3://sense-table-demo/datasets/COCO2017/images/000000000001.jpg,s3alternative://bucket/path/to/file.jpg
165,s165,https://placehold.co/465x235.png,,,inf,-inf,165,single value,1,1.23456789,True,-81,787,-851,712,155,899,112,459,0.6235,0.8401215,0.6521232455304379,True,True,3.0,,emoji 不,2023-10-16,2023-12-10,[42],['gJS' 'oFc1pD' 'xj51I4TAt'],b'\x15\xbb<\x19\x81\xae\n',"[('UKR', 10)]","[('yVf', 86)]","{'x': 59, 'y': 'hhB'}","{'x': 74, 'y': 'BE5'}",s3://sense-table-demo/datasets/COCO2017/images/000000000001.jpg,s3alternative://bucket/path/to/file.jpg
166,s166,https://placehold.co/466x234.png,,,inf,-inf,166,single value,1,1.23456789,True,118,-857,-687,122,116,695,139,355,0.474,0.3921512,0.3121480566964471,True,,,a with space,"multiple
lines	string",2023-07-31,2023-10-04,[33  7],['zSq' 'exF3lX' '87eCr0uIa'],b'\xbf\xb8~z\xe5',"[('e5g', 2)]","[('qjO', 27)]","{'x': 39, 'y': 'wGx'}",,s3://sense-table-demo/datasets/COCO2017/images/000000000001.jpg,s3alternative://bucket/path/to/file.jpg
167,s167,https://placehold.co/467x233.png,,,inf,-inf,167,single value,1,1.23456789,True,22,-655,-431,571,7,280,558,323,0.3445,0.17949732,0.3990459461371111,False,False,2.0,emoji 不,c having special characters: !@#$%^&*(),2023-09-29,2023-11-03,[93 95 99 93],['mIs' 'MCKEVm' '3Vpazov02'],b'b]\xbe\x9f\xab\xd7\xcd\x00',"[('Wsf', 75)]","[('2tp', 56)]","{'x': 84, 'y': 'XF6'}","{'x': 42, 'y': 'LlE'}",s3://sense-table-demo/datasets/COCO2017/images/000000000001.jpg,s3alternative://bucket/path/to/file.jpg
168,s168,https://placehold.co/468x232.png,,,inf,-inf,168,single value,1,1.23456789,True,-67,-377,365,-23,121,194,0,132,0.3516,0.7536988,0.8579862539227058,False,False,2.0,,c having special characters: !@#$%^&*(),2023-03-07,2023-02-28,[80 58 83],['6aO' '0TgGoE' 'd9Sf53GRx'],b'\x90\xcc\x0f\x15@L\x16',"[('VBy', 96)]","[('rMi', 53)]","{'x': 77, 'y': 'xxV'}",,s3://sense-table-demo/datasets/COCO2017/images/000000000001.jpg,s3alternative://bucket/path/to/file.jpg
169,s169,https://placehold.co/469x231.png,,,inf,-inf,169,single value,1,1.23456789,True,87,16,-696,8,91,863,89,887,0.4128,0.788807,0.009030404129550251,False,False,2.0,c having special characters: !@#$%^&*(),emoji 不,2023-09-05,2023-07-02,[92 85],['8ff' 'iYeJA7' 'oqtXRTtqe'],b'\xb6u\x16\xb7i(\x96\x0e\xb4',"[('ODH', 72)]","[('ZbP', 96)]","{'x': 68, 'y': '4JO'}","{'x': 87, 'y': 'iVn'}",s3://sense-table-demo/datasets/COCO2017/images/000000000001.jpg,s3alternative://bucket/path/to/file.jpg
170,s170,https://placehold.co/470x230.png,,,inf,-inf,170,single value,1,1.23456789,True,-92,595,715,-905,163,194,653,804,0.705,0.17375347,0.5884126333406055,False,True,3.0,c having special characters: !@#$%^&*(),,2023-06-05,2023-02-10,[73],['mWK' 'jkCzH7' 'mtqhjQZRc'],b'\x15k\xd30\x8c\xff\x99\xb9X',"[('iyX', 82)]","[('1uD', 77)]","{'x': 88, 'y': 'j1l'}","{'x': 96, 'y': 'N4S'}",s3://sense-table-demo/datasets/COCO2017/images/000000000001.jpg,s3alternative://bucket/path/to/file.jpg
171,s171,https://placehold.co/471x229.png,,,inf,-inf,171,single value,1,1.23456789,True,-30,-120,-319,687,89,666,319,839,0.598,0.7708541,0.5987139801001076,False,,1.0,,a with space,2023-02-16,2023-02-08,[27 41 42 84],['Zuf' 'pwFPq9' 'bzCUpCXia'],b'\xcb\xd3\xe4',"[('H7i', 68)]",,"{'x': 19, 'y': 'SAt'}",,s3://sense-table-demo/datasets/COCO2017/images/000000000001.jpg,s3alternative://bucket/path/to/file.jpg
172,s172,https://placehold.co/472x228.png,,,inf,-inf,172,single value,1,1.23456789,True,43,-999,-163,-338,135,92,549,126,0.4597,0.9472979,0.396659776343562,False,True,1.0,a with space,"multiple
lines	string",2023-07-20,2023-07-11,[65 54 71 47],['Z8i' 'ZxNNKq' 'Ybd3Bh4Zu'],b'\xa6R\x11\xd7\x0c\x9e\x03',"[('P4X', 86)]","[('8Hq', 66)]","{'x': 80, 'y': 'VBM'}","{'x': 1, 'y': 'geJ'}",s3://sense-table-demo/datasets/COCO2017/images/000000000001.jpg,s3alternative://bucket/path/to/file.jpg
173,s173,https://placehold.co/473x227.png,,,inf,-inf,173,single value,1,1.23456789,True,-25,-104,806,213,185,671,804,105,0.0759,0.16637759,0.23702785710833618,True,,2.0,c having special characters: !@#$%^&*(),c having special characters: !@#$%^&*(),2023-05-28,2023-09-24,,['cCk' 'JYybQk' 'nlr2cMpsz'],"b""'P\xbf\xf0\x93z\x18_\xd9""","[('Tx6', 27)]","[('B8R', 29)]","{'x': 24, 'y': 'him'}","{'x': 61, 'y': 'pB3'}",s3://sense-table-demo/datasets/COCO2017/images/000000000001.jpg,s3alternative://bucket/path/to/file.jpg
174,s174,https://placehold.co/474x226.png,,,inf,-inf,174,single value,1,1.23456789,True,85,327,77,759,59,945,893,603,0.07776,0.7709843,0.2346740382615511,True,False,,"multiple
lines	string","multiple
lines	string",2023-05-04,,[92],['Idr' 'im2GNX' 'X9WwHE4Fy'],b'L\xc3',"[('IIh', 24)]","[('kLN', 44)]","{'x': 91, 'y': 'MpC'}","{'x': 67, 'y': 'jN5'}",s3://sense-table-demo/datasets/COCO2017/images/000000000001.jpg,s3alternative://bucket/path/to/file.jpg
175,s175,https://placehold.co/475x225.png,,,inf,-inf,175,single value,1,1.23456789,True,90,-747,2,-964,177,60,138,798,0.00234,0.70857203,0.8837096696607526,False,True,,,c having special characters: !@#$%^&*(),2023-01-01,2023-11-29,[44],['ltn' '3Wd9GV' '98gOqY4d9'],b'\xd2D\x96\xd6\xbb\x19',"[('aKH', 57)]","[('NIG', 88)]","{'x': 69, 'y': '1Ha'}","{'x': 49, 'y': 'PqR'}",s3://sense-table-demo/datasets/COCO2017/images/000000000001.jpg,s3alternative://bucket/path/to/file.jpg
176,s176,https://placehold.co/476x224.png,,,inf,-inf,176,single value,1,1.23456789,True,-94,675,-557,803,27,633,510,377,0.968,0.4735739,0.4420243737828575,True,,1.0,,"multiple
lines	string",2023-09-04,2023-05-07,[53],['n0X' 'v00kKX' 'R4bR6IIl9'],b'/P\xba',"[('6sU', 40)]","[('Ntv', 46)]","{'x': 98, 'y': '2oK'}","{'x': 39, 'y': '4JF'}",s3://sense-table-demo/datasets/COCO2017/images/000000000001.jpg,s3alternative://bucket/path/to/file.jpg
177,s177,https://placehold.co/477x223.png,,,inf,-inf,177,single value,1,1.23456789,True,64,-548,-388,392,219,50,867,904,0.005253,0.05792046,0.33088936298917193,False,,,c having special characters: !@#$%^&*(),,2023-12-09,2023-02-15,[33  0 31],['2Et' 'EfonGa' '4miS40ubK'],b'&\xe7\xd2\xb2\xc3\xae8',"[('4vz', 98)]","[('HXB', 37)]","{'x': 83, 'y': 'Dze'}","{'x': 84, 'y': '6EB'}",s3://sense-table-demo/datasets/COCO2017/images/000000000001.jpg,s3alternative://bucket/path/to/file.jpg
178,s178,https://placehold.co/478x222.png,,,inf,-inf,178,single value,1,1.23456789,True,98,60,-8,718,100,402,844,50,0.1031,0.07469442,0.44877757383140304,True,False,1.0,a with space,c having special characters: !@#$%^&*(),2023-05-08,2023-02-14,[66 83 19],['4W0' '17x6yg' 'sij6X7Ok8'],b'\x8c\x87H2lk\xcf\xe3',"[('OFj', 97)]","[('wqs', 88)]","{'x': 82, 'y': 'LpH'}","{'x': 54, 'y': '0WW'}",s3://sense-table-demo/datasets/COCO2017/images/000000000001.jpg,s3alternative://bucket/path/to/file.jpg
179,s179,https://placehold.co/479x221.png,,,inf,-inf,179,single value,1,1.23456789,True,-28,183,-737,548,40,788,258,28,0.3147,0.85241467,0.6693904014593614,False,True,2.0,"multiple
lines	string","multiple
lines	string",2023-07-10,2023-01-01,[98 90 89],['R5W' 'nKktQh' 'T66y97cL5'],b'\x85\x15\x99\x82\xd2',"[('nZm', 74)]","[('aY0', 21)]","{'x': 59, 'y': 'MIZ'}","{'x': 73, 'y': 'Ha7'}",s3://sense-table-demo/datasets/COCO2017/images/000000000001.jpg,s3alternative://bucket/path/to/file.jpg
180,s180,https://placehold.co/480x220.png,,,inf,-inf,180,single value,1,1.23456789,True,46,14,76,-722,227,4,672,461,0.8076,0.99014837,0.1457565682447517,False,True,1.0,a with space,a with space,2023-03-08,2023-06-17,[44 92],['7nJ' '6iUo8k' '2fRN2Bqpe'],b'\x83\xec\xd5:\xfbW',"[('lX0', 20)]","[('vDa', 40)]","{'x': 61, 'y': 'djO'}","{'x': 17, 'y': 'YDJ'}",s3://sense-table-demo/datasets/COCO2017/images/000000000001.jpg,s3alternative://bucket/path/to/file.jpg
181,s181,https://placehold.co/481x219.png,,,inf,-inf,181,single value,1,1.23456789,True,77,-992,595,-784,191,465,901,295,0.962,0.6760523,0.4494338352137377,True,True,1.0,emoji 不,,2023-01-04,2023-04-18,[81 67 64],,b'L\xab\xd9\xbd\x9f\x06c\xa9\xba',"[('059', 6)]","[('56D', 56)]","{'x': 87, 'y': 'c0P'}","{'x': 83, 'y': '5wQ'}",s3://sense-table-demo/datasets/COCO2017/images/000000000001.jpg,s3alternative://bucket/path/to/file.jpg
182,s182,https://placehold.co/482x218.png,,,inf,-inf,182,single value,1,1.23456789,True,2,256,3,-134,154,603,689,296,0.79,0.44595832,0.5878843711103869,True,False,2.0,emoji 不,,2023-10-30,2023-01-19,[25 19],['pga' 'xT82Ex' 'HgD1OQke0'],b'w\xd8\xcd\xda\xdb\xe0',"[('CIs', 63)]","[('aAs', 49)]","{'x': 14, 'y': 'Zs5'}","{'x': 81, 'y': 'yN7'}",s3://sense-table-demo/datasets/COCO2017/images/000000000001.jpg,s3alternative://bucket/path/to/file.jpg
183,s183,https://placehold.co/483x217.png,,,inf,-inf,183,single value,1,1.23456789,True,-128,122,643,-128,245,681,9,725,0.6904,0.64757365,0.9485833548514337,False,True,,c having special characters: !@#$%^&*(),a with space,2023-10-21,2023-11-28,[58 74],['st7' 'ekxTH3' 'fKMDb6k3j'],b'\x9b]\xfd',"[('egS', 1)]","[('oax', 51)]","{'x': 54, 'y': 'dzl'}","{'x': 13, 'y': 'fH7'}",s3://sense-table-demo/datasets/COCO2017/images/000000000001.jpg,s3alternative://bucket/path/to/file.jpg
184,s184,https://placehold.co/484x216.png,,,inf,-inf,184,single value,1,1.23456789,True,-124,682,-996,821,190,828,260,778,0.5215,0.5943959,0.25252778207541926,False,False,1.0,c having special characters: !@#$%^&*(),"multiple
lines	string",2023-05-23,2023-03-13,[64],['gml' 'RSTqro' 'dJ0jwAsPL'],b'\xe1\xcaa\xd3\xcf\x82',"[('Euh', 41)]","[('zIy', 52)]","{'x': 13, 'y': 'PLQ'}","{'x': 94, 'y': 'eCV'}",s3://sense-table-demo/datasets/COCO2017/images/000000000001.jpg,s3alternative://bucket/path/to/file.jpg
185,s185,https://placehold.co/485x215.png,,,inf,-inf,185,single value,1,1.23456789,True,89,-185,126,296,144,533,918,406,0.08673,0.38361228,0.35925074791624556,True,False,1.0,c having special characters: !@#$%^&*(),emoji 不,2023-07-10,2023-04-19,[40 92],['mbk' 'sf0tyE' 'OfHl2wBqC'],b'\xc7\x1aM\xf8\xf6H',"[('OgM', 74)]","[('kTy', 3)]","{'x': 99, 'y': 'KWk'}",,s3://sense-table-demo/datasets/COCO2017/images/000000000001.jpg,s3alternative://bucket/path/to/file.jpg
186,s186,https://placehold.co/486x214.png,,,inf,-inf,186,single value,1,1.23456789,True,118,-793,219,904,200,404,649,768,0.958,0.065626144,0.3793585899224238,True,False,2.0,emoji 不,a with space,2023-01-21,2023-09-25,[10 55 50 20],['oqd' 'UPfvH8' 'KI0YzH1D2'],b'\x05\xe8\x1f\xc9\xcdd\xe2_\x1f',"[('3tB', 17)]","[('xqA', 42)]","{'x': 82, 'y': 'CJ5'}","{'x': 46, 'y': 'Okc'}",s3://sense-table-demo/datasets/COCO2017/images/000000000001.jpg,s3alternative://bucket/path/to/file.jpg
187,s187,https://placehold.co/487x213.png,,,inf,-inf,187,single value,1,1.23456789,True,126,154,-227,-939,160,837,171,813,0.7583,0.82151294,0.6055381576448828,False,,,a with space,"multiple
lines	string",2023-08-15,2023-08-28,[18 59],['De3' 'SF3XQM' 'hUk98YhA9'],b'\xff6\xdc',"[('MsK', 58)]","[('oV4', 3)]","{'x': 15, 'y': 'fsw'}","{'x': 8, 'y': 'xlR'}",s3://sense-table-demo/datasets/COCO2017/images/000000000001.jpg,s3alternative://bucket/path/to/file.jpg
188,s188,https://placehold.co/488x212.png,,,inf,-inf,188,single value,1,1.23456789,True,13,-597,-124,-405,244,512,897,612,0.639,0.37183353,0.35673205304000166,True,True,1.0,a with space,a with space,2023-11-09,2023-10-28,[70 25 39],['A9M' 'Zp44ey' 'yurC2WMGA'],b':',"[('Jwt', 5)]","[('YQr', 93)]","{'x': 50, 'y': 'xeA'}","{'x': 26, 'y': '3Nw'}",s3://sense-table-demo/datasets/COCO2017/images/000000000001.jpg,s3alternative://bucket/path/to/file.jpg
189,s189,https://placehold.co/489x211.png,,,inf,-inf,189,single value,1,1.23456789,True,-26,-849,-9,903,211,644,12,404,0.7593,0.81878567,0.5335119252996956,False,True,2.0,c having special characters: !@#$%^&*(),a with space,2023-04-27,2023-03-31,[ 3 22],['zjK' 'V65Igr' 'HvzxELcri'],"b'\xbd\xde\xd4,3'","[('Aap', 46)]","[('UYz', 60)]","{'x': 91, 'y': 'Isi'}","{'x': 18, 'y': 'fNT'}",s3://sense-table-demo/datasets/COCO2017/images/000000000001.jpg,s3alternative://bucket/path/to/file.jpg
190,s190,https://placehold.co/490x210.png,,,inf,-inf,190,single value,1,1.23456789,True,-102,-947,-117,-272,204,232,167,345,0.724,0.25250876,0.7817903298450294,False,False,1.0,"multiple
lines	string",c having special characters: !@#$%^&*(),2023-10-29,2023-04-13,[92  7 40],['LRc' '3uoU53' 'bYsrERg1i'],b'\x1ei\xad@\xfdr\xdc7\xd4',"[('nTB', 41)]","[('0lr', 23)]","{'x': 82, 'y': 'RrG'}",,s3://sense-table-demo/datasets/COCO2017/images/000000000001.jpg,s3alternative://bucket/path/to/file.jpg
191,s191,https://placehold.co/491x209.png,,,inf,-inf,191,single value,1,1.23456789,True,8,143,373,365,219,523,641,621,0.637,0.0010294799,0.7053855941122036,False,False,3.0,a with space,"multiple
lines	string",2023-05-22,2023-09-07,[45 27 90 67],['8BZ' 'qzOlnZ' 'TV1YFjtFi'],b'~Q\xc4\x96\x95-d',"[('0iT', 76)]","[('NMq', 49)]","{'x': 62, 'y': 'GRL'}","{'x': 25, 'y': 'ilS'}",s3://sense-table-demo/datasets/COCO2017/images/000000000001.jpg,s3alternative://bucket/path/to/file.jpg
192,s192,https://placehold.co/492x208.png,,,inf,-inf,192,single value,1,1.23456789,True,78,696,-954,-604,239,345,595,419,0.9805,0.15893829,0.44636864651258557,False,True,2.0,emoji 不,emoji 不,2023-02-08,2023-01-08,[36  0 66],,b'\xb0\x1f',"[('2Cw', 1)]","[('Mlb', 42)]","{'x': 6, 'y': 'gTM'}","{'x': 91, 'y': 'KEd'}",s3://sense-table-demo/datasets/COCO2017/images/000000000001.jpg,s3alternative://bucket/path/to/file.jpg
193,s193,https://placehold.co/493x207.png,,,inf,-inf,193,single value,1,1.23456789,True,-114,943,-134,-302,156,45,320,181,0.9033,0.46853942,0.8642161776741689,True,False,,,c having special characters: !@#$%^&*(),2023-12-21,2023-06-02,,['02b' 'lZZpC4' 'RqZFNhbxK'],b'\xb5',"[('sIk', 26)]","[('dHl', 77)]","{'x': 33, 'y': '9DQ'}","{'x': 95, 'y': 'HtH'}",s3://sense-table-demo/datasets/COCO2017/images/000000000001.jpg,s3alternative://bucket/path/to/file.jpg
194,s194,https://placehold.co/494x206.png,,,inf,-inf,194,single value,1,1.23456789,True,-39,-373,-178,42,140,545,318,982,0.6465,0.94430363,0.5581402495938629,True,True,,,a with space,2023-09-09,2023-12-13,[60 35 97],,b'\x8e',"[('L01', 71)]","[('gqS', 27)]","{'x': 5, 'y': '59r'}","{'x': 65, 'y': 'ZB9'}",s3://sense-table-demo/datasets/COCO2017/images/000000000001.jpg,s3alternative://bucket/path/to/file.jpg
195,s195,https://placehold.co/495x205.png,,,inf,-inf,195,single value,1,1.23456789,True,-87,-414,-65,-824,45,944,612,824,0.6934,0.10219362,0.5399058395022125,True,,,,,2023-11-29,2023-06-23,[ 3 66 33 56],['l1K' 'vk3UQr' 'xkJ71OQqz'],b'9\x0cs|G\x95\xb1<',"[('iHq', 45)]","[('Toj', 15)]","{'x': 86, 'y': 'LtG'}","{'x': 18, 'y': 'cdW'}",s3://sense-table-demo/datasets/COCO2017/images/000000000001.jpg,s3alternative://bucket/path/to/file.jpg
196,s196,https://placehold.co/496x204.png,,,inf,-inf,196,single value,1,1.23456789,True,-5,648,843,635,34,77,328,0,0.0516,0.8542098,0.03418776593915818,True,False,,"multiple
lines	string",a with space,2023-07-26,2023-12-09,[22],['bWV' 'a4OLap' 'Xs7NAxvpC'],b'\xad.\x9dJG!%',"[('2ee', 11)]","[('Evt', 58)]","{'x': 24, 'y': '9vi'}","{'x': 32, 'y': 'chY'}",s3://sense-table-demo/datasets/COCO2017/images/000000000001.jpg,s3alternative://bucket/path/to/file.jpg
197,s197,https://placehold.co/497x203.png,,,inf,-inf,197,single value,1,1.23456789,True,76,991,-345,-605,252,729,784,830,0.67,0.5270241,0.9866929803571616,True,True,1.0,c having special characters: !@#$%^&*(),a with space,2023-07-29,2023-06-07,[52 61 40],['PZy' 'gFP0xO' 'Lsgd9N1qS'],b'\xe4\xbc\xa5\x01\xf0e_',"[('bFb', 42)]","[('X9C', 36)]","{'x': 45, 'y': 'IGN'}","{'x': 55, 'y': 'PCQ'}",s3://sense-table-demo/datasets/COCO2017/images/000000000001.jpg,s3alternative://bucket/path/to/file.jpg
198,s198,https://placehold.co/498x202.png,,,inf,-inf,198,single value,1,1.23456789,True,50,443,-732,-556,133,812,776,949,0.04416,0.82592076,0.12297080852962672,True,False,1.0,emoji 不,"multiple
lines	string",2023-04-25,2023-08-03,,['3sj' 'V3XXLO' 'QSO9qzycR'],b'\x01l\xbd|\xf5*\xab',"[('KzK', 80)]",,"{'x': 25, 'y': 'ElL'}","{'x': 48, 'y': '2jJ'}",s3://sense-table-demo/datasets/COCO2017/images/000000000001.jpg,s3alternative://bucket/path/to/file.jpg
199,s199,https://placehold.co/499x201.png,,,inf,-inf,199,single value,1,1.23456789,True,-66,445,-631,256,81,922,970,566,0.5884,0.29837444,0.2311309124276466,True,True,,"multiple
lines	string","multiple
lines	string",2023-08-13,2023-06-26,[69 56],['JlT' 'nHW4PF' '002lghqYV'],b'\x1d',"[('4IH', 84)]","[('Xu0', 89)]","{'x': 97, 'y': 'R8a'}","{'x': 98, 'y': '5ci'}",s3://sense-table-demo/datasets/COCO2017/images/000000000001.jpg,s3alternative://bucket/path/to/file.jpg
